listing_id,listing_url,scraping_date,district_scraped,source,price_pen,price_usd,maintenance_fee,area_total,bedrooms,bathrooms,parking_spaces,address,district,urbanization,photos_count,json_name
146483466,https://urbania.pe/inmueble/clasificado/veclapin-venta-de-departamento-en-barranco-lima-2-dormitorios-146483466?n_src=Listado&n_pills=Guardian%C3%ADa%2FSeguridad+privada&n_pg=1&n_pos=9,2026-05-18,barranco,urbania,450000.0,135000.0,240.0,75,2.0,2.0,1.0,Jr. Progreso,Lima,Barranco,1,Departamento · 51m² · 2 Dormitorios · 1 Estacionamiento
147944789,https://urbania.pe/inmueble/clasificado/veclapin-venta-de-departamento-en-barranco-lima-2-dormitorios-147944789?n_src=Listado&n_pills=Seguridad&n_pg=1&n_pos=10,2026-05-18,barranco,urbania,861211.0,255000.0,430.0,90,2.0,2.0,2.0,las Mimosas al 100,Lima,Barranco,1,Departamento · 90m² · 2 Dormitorios · 2 Estacionamientos
149180112,https://urbania.pe/inmueble/clasificado/veclapin-venta-de-departamento-en-barranco-lima-3-dormitorios-149180112?n_src=Listado&n_pills=%C3%81rea+de+lavander%C3%ADa&n_pg=1&n_pos=11,2026-05-18,barranco,urbania,3852500.0,1150000.0,1700.0,312,3.0,3.0,3.0,Jr.Batalla De Junin,Lima,Barranco,1,Departamento · 312m² · 3 Dormitorios · 3 Estacionamientos
145526893,https://urbania.pe/inmueble/clasificado/veclapin-venta-de-departamento-en-barranco-lima-4-dormitorios-145526893?n_src=Listado&n_pills=Seguridad&n_pg=1&n_pos=12,2026-05-18,barranco,urbania,977300.0,290000.0,,162,4.0,4.0,2.0,Carlos Arrieta 253,Lima,Barranco,1,Departamento · 110m² · 4 Dormitorios · 2 Estacionamientos
147379965,https://urbania.pe/inmueble/clasificado/veclapin-venta-de-departamento-en-barranco-lima-1-dormitorio-147379965?n_src=Listado&n_pills=%C3%81rea+de+lavander%C3%ADa&n_pg=1&n_pos=13,2026-05-18,barranco,urbania,495000.0,140540.0,,43,1.0,1.0,1.0,Av. el Sol Oeste 145,Lima,Barranco,1,Departamento · 43m² · 1 Dormitorio · 1 Estacionamiento
149522767,https://urbania.pe/inmueble/clasificado/veclapin-venta-de-departamento-en-barranco-lima-3-dormitorios-149522767?n_src=Listado&n_pills=%C3%81rea+de+lavander%C3%ADa&n_pg=1&n_pos=14,2026-05-18,barranco,urbania,4250000.0,1250000.0,2500.0,503,3.0,3.0,2.0,Jirón 28 de Julio,Lima,Barranco,1,Departamento · 423m² · 3 Dormitorios · 2 Estacionamientos
145087075,https://urbania.pe/inmueble/clasificado/veclapin-venta-de-departamento-en-barranco-lima-1-dormitorio-145087075?n_src=Listado&n_pills=Guardian%C3%ADa%2FSeguridad+privada&n_pg=1&n_pos=15,2026-05-18,barranco,urbania,474375.0,118000.0,180.0,42,1.0,1.0,,AV. ALMIRANTE GRAU,Lima,Barranco,1,Departamento · 42m² · 1 Dormitorio
149647664,https://urbania.pe/inmueble/clasificado/veclapin-venta-de-departamento-en-barranco-lima-3-dormitorios-149647664?n_src=Listado&n_pills=Cuartos+de+servicio&n_pg=1&n_pos=16,2026-05-18,barranco,urbania,663000.0,195000.0,400.0,103,3.0,3.0,1.0,jr. Tumbes al 300,Lima,Barranco,1,Departamento · 103m² · 3 Dormitorios · 1 Estacionamiento
148802302,https://urbania.pe/inmueble/clasificado/veclapin-venta-de-departamento-en-barranco-lima-1-dormitorio-148802302?n_src=Listado&n_pills=%C3%81rea+de+lavander%C3%ADa&n_pg=1&n_pos=17,2026-05-18,barranco,urbania,425000.0,124800.0,,45,1.0,1.0,,JR. Enrique Barrón al 300 Cerca a la Av El Sol Barranco,Lima,Barranco,1,Departamento · 45m² · 1 Dormitorio
148436303,https://urbania.pe/inmueble/clasificado/veclapin-venta-de-departamento-en-tejada-alta-barranco-2-dormitorios-148436303?n_src=Listado&n_pills=Guardian%C3%ADa%2FSeguridad+privada&n_pg=1&n_pos=18,2026-05-18,barranco,urbania,718000.0,208000.0,450.0,92,2.0,2.0,1.0,Avenida Reducto 851,Barranco,Tejada Alta,1,Departamento · 92m² · 2 Dormitorios · 1 Estacionamiento
149470473,https://urbania.pe/inmueble/clasificado/veclapin-venta-de-departamento-en-barranco-lima-2-dormitorios-149470473?n_src=Listado&n_pills=Seguridad&n_pg=1&n_pos=19,2026-05-18,barranco,urbania,603750.0,175000.0,380.0,67,2.0,3.0,1.0,av. Sol Oeste 200,Lima,Barranco,1,Departamento · 67m² · 2 Dormitorios · 1 Estacionamiento
148734246,https://urbania.pe/inmueble/clasificado/veclapin-venta-de-departamento-en-tejadita-barranco-1-dormitorio-148734246?n_src=Listado&n_pills=%C3%81rea+de+lavander%C3%ADa&n_pg=1&n_pos=20,2026-05-18,barranco,urbania,502320.0,138000.0,300.0,46,1.0,1.0,1.0,Almirante Miguel Grau  al 1500,Barranco,Tejadita,1,Departamento · 46m² · 1 Dormitorio · 1 Estacionamiento
149218266,https://urbania.pe/inmueble/clasificado/veclapin-venta-de-departamento-en-barranco-lima-2-dormitorios-149218266?n_src=Listado&n_pills=Seguridad&n_pg=1&n_pos=21,2026-05-18,barranco,urbania,620800.0,180000.0,480.0,59,2.0,2.0,1.0,Jr. Carlos Arrieta,Lima,Barranco,1,Departamento · 59m² · 2 Dormitorios · 1 Estacionamiento
149483233,https://urbania.pe/inmueble/clasificado/veclapin-venta-de-departamento-en-barranco-lima-2-dormitorios-149483233?n_src=Listado&n_pills=Guardian%C3%ADa%2FSeguridad+privada&n_pg=1&n_pos=22,2026-05-18,barranco,urbania,,,,59,2.0,2.0,,Arrieta al 200,Lima,Barranco,1,Departamento · 59m² · 2 Dormitorios
149452928,https://urbania.pe/inmueble/clasificado/veclapin-venta-de-departamento-en-barranco-lima-1-dormitorio-149452928?n_src=Listado&n_pills=Parrilla&n_pg=1&n_pos=23,2026-05-18,barranco,urbania,408000.0,118000.0,250.0,42,1.0,1.0,1.0,Av Almirante Miguel Grau 1438,Lima,Barranco,1,Departamento · 42m² · 1 Dormitorio · 1 Estacionamiento
148454159,https://urbania.pe/inmueble/clasificado/veclapin-venta-de-departamento-en-barranco-lima-1-dormitorio-148454159?n_src=Listado&n_pills=Guardian%C3%ADa%2FSeguridad+privada&n_pg=1&n_pos=24,2026-05-18,barranco,urbania,432000.0,127000.0,170.0,40,1.0,1.0,,Av. San Martin 618 - Dpto 1004,Lima,Barranco,1,Departamento · 40m² · 1 Dormitorio
149540009,https://urbania.pe/inmueble/clasificado/veclapin-venta-de-departamento-en-barranco-lima-2-dormitorios-149540009?n_src=Listado&n_pills=Seguridad&n_pg=1&n_pos=25,2026-05-18,barranco,urbania,506000.0,150000.0,200.0,51,2.0,1.0,1.0,Jirón Pedro Martinto al 100,Lima,Barranco,1,Departamento · 51m² · 2 Dormitorios · 1 Estacionamiento
148035659,https://urbania.pe/inmueble/clasificado/veclapin-venta-de-departamento-en-barranco-lima-2-dormitorios-148035659?n_src=Listado&n_pills=Parrilla&n_pg=1&n_pos=26,2026-05-18,barranco,urbania,578116.0,,,55,2.0,2.0,,bustamante,Lima,Barranco,1,Departamento · 55m² · 2 Dormitorios
148980787,https://urbania.pe/inmueble/clasificado/veclapin-venta-de-departamento-en-barranco-lima-2-dormitorios-148980787?n_src=Listado&n_pills=%C3%81rea+de+lavander%C3%ADa&n_pg=1&n_pos=27,2026-05-18,barranco,urbania,890000.0,255000.0,450.0,92,2.0,2.0,2.0,Av. San Martín,Lima,Barranco,1,Departamento · 92m² · 2 Dormitorios · 2 Estacionamientos
148403557,https://urbania.pe/inmueble/clasificado/veclapin-venta-de-departamento-en-barranco-lima-1-dormitorio-148403557?n_src=Listado&n_pills=Seguridad&n_pg=1&n_pos=28,2026-05-18,barranco,urbania,437190.0,130000.0,,46,1.0,1.0,1.0,Augusto Tamayo Vargas  al 300,Lima,Barranco,1,Departamento · 35m² · 1 Dormitorio · 1 Estacionamiento
149021310,https://urbania.pe/inmueble/clasificado/veclapin-venta-de-departamento-en-barranco-lima-4-dormitorios-149021310?n_src=Listado&n_pills=Cuartos+de+servicio&n_pg=1&n_pos=29,2026-05-18,barranco,urbania,7661400.0,2260000.0,3100.0,787,4.0,6.0,4.0,Jirón Batalla de Junin 267,Lima,Barranco,1,Departamento · 731m² · 4 Dormitorios · 4 Estacionamientos
149273453,https://urbania.pe/inmueble/clasificado/veclapin-venta-de-departamento-en-barranco-lima-3-dormitorios-149273453?n_src=Listado&n_pills=%C3%81rea+de+lavander%C3%ADa&n_pg=1&n_pos=30,2026-05-18,barranco,urbania,735640.0,212000.0,500.0,106,3.0,2.0,2.0,Avenida Paseo de la República al 6200,Lima,Barranco,1,Departamento · 106m² · 3 Dormitorios · 2 Estacionamientos
146961714,https://urbania.pe/inmueble/clasificado/veclapin-venta-de-departamento-en-barranco-lima-5-a-mas-dormitorios-146961714?n_src=Listado&n_pills=%C3%81rea+de+lavander%C3%ADa&n_pg=2&n_pos=1,2026-05-18,barranco,urbania,8092320.0,2199000.0,3200.0,687,6.0,7.0,4.0,PASAJE BRESCIANI N°153,Lima,Barranco,10,Departamento · 625m² · 6 Dormitorios · 4 Estacionamientos
149794715,https://urbania.pe/inmueble/clasificado/veclapin-venta-de-departamento-en-barranco-lima-3-dormitorios-149794715?n_src=Listado&n_pills=Guardian%C3%ADa%2FSeguridad+privada&n_pg=2&n_pos=2,2026-05-18,barranco,urbania,550000.0,158000.0,,78,3.0,2.0,1.0,Jirón Jaén Cuadra 2,Lima,Barranco,10,Departamento · 78m² · 3 Dormitorios · 1 Estacionamiento
149199956,https://urbania.pe/inmueble/clasificado/veclapin-venta-de-departamento-en-barranco-lima-3-dormitorios-149199956?n_src=Listado&n_pills=%C3%81rea+de+lavander%C3%ADa&n_pg=2&n_pos=3,2026-05-18,barranco,urbania,2700000.0,799000.0,1150.0,328,3.0,4.0,4.0,Malecón  DE Barranco- Balcón Y Piscina Propia Gigante + Terraza  - 3 HAB 4 Cocheras,Lima,Barranco,10,Departamento · 207m² · 3 Dormitorios · 4 Estacionamientos
148323721,https://urbania.pe/inmueble/clasificado/veclapin-venta-de-departamento-en-barranco-lima-3-dormitorios-148323721?n_src=Listado&n_pills=Cuartos+de+servicio&n_pg=2&n_pos=4,2026-05-18,barranco,urbania,2928240.0,840000.0,1150.0,314,3.0,3.0,4.0,Malecón Paul Harris,Lima,Barranco,1,Departamento · 314m² · 3 Dormitorios · 4 Estacionamientos
148662417,https://urbania.pe/inmueble/clasificado/veclapin-venta-de-departamento-en-barranco-lima-1-dormitorio-148662417?n_src=Listado&n_pills=Parrilla&n_pg=2&n_pos=5,2026-05-18,barranco,urbania,463080.0,136000.0,280.0,69,1.0,1.0,1.0,Felipe Sassone - Duplex de 1 Dormitorio con 1 Cochera - Ideal Para Inversión,Lima,Barranco,1,Departamento · 69m² · 1 Dormitorio · 1 Estacionamiento
149532018,https://urbania.pe/inmueble/clasificado/veclapin-venta-de-departamento-en-barranco-lima-149532018?n_src=Listado&n_pg=2&n_pos=6,2026-05-18,barranco,urbania,437500.0,125000.0,,51,,1.0,1.0,Av. San Martín,Lima,Barranco,1,Departamento · 51m² · 1 Estacionamiento
149383852,https://urbania.pe/inmueble/clasificado/veclapin-venta-de-departamento-en-barranco-lima-2-dormitorios-149383852?n_src=Listado&n_pills=Seguridad&n_pg=2&n_pos=7,2026-05-18,barranco,urbania,578000.0,168000.0,400.0,72,2.0,2.0,,Jiron Fedelli  al 101,Lima,Barranco,1,Departamento · 72m² · 2 Dormitorios
148738878,https://urbania.pe/inmueble/clasificado/veclapin-venta-de-departamento-en-barranco-lima-3-dormitorios-148738878?n_src=Listado&n_pills=%C3%81rea+de+lavander%C3%ADa&n_pg=2&n_pos=8,2026-05-18,barranco,urbania,700000.0,200000.0,,132,3.0,3.0,1.0,Aurelio Souza 447,Lima,Barranco,1,Departamento · 105m² · 3 Dormitorios · 1 Estacionamiento
145211404,https://urbania.pe/inmueble/clasificado/veclapin-venta-de-departamento-en-barranco-lima-1-dormitorio-145211404?n_src=Listado&n_pills=Piscina&n_pg=2&n_pos=9,2026-05-18,barranco,urbania,922670.0,245000.0,450.0,80,1.0,1.0,1.0,Av el sol Oeste,Lima,Barranco,1,Departamento · 80m² · 1 Dormitorio · 1 Estacionamiento
149430106,https://urbania.pe/inmueble/clasificado/veclapin-venta-de-departamento-en-barranco-lima-2-dormitorios-149430106?n_src=Listado&n_pills=%C3%81rea+de+lavander%C3%ADa&n_pg=2&n_pos=10,2026-05-18,barranco,urbania,595000.0,170000.0,400.0,70,2.0,2.0,1.0,Jirón Pedro Martinto 200,Lima,Barranco,1,Departamento · 70m² · 2 Dormitorios · 1 Estacionamiento
148729318,https://urbania.pe/inmueble/clasificado/veclapin-venta-de-departamento-en-barranco-lima-1-dormitorio-148729318?n_src=Listado&n_pills=Guardian%C3%ADa%2FSeguridad+privada&n_pg=2&n_pos=11,2026-05-18,barranco,urbania,653000.0,195000.0,600.0,94,1.0,1.0,1.0,Pedro Martinto Cerca al Malecón Paul Harris,Lima,Barranco,1,Departamento · 94m² · 1 Dormitorio · 1 Estacionamiento
149543768,https://urbania.pe/inmueble/clasificado/veclapin-venta-de-departamento-en-barranco-lima-1-dormitorio-149543768?n_src=Listado&n_pills=Seguridad&n_pg=2&n_pos=12,2026-05-18,barranco,urbania,438600.0,129000.0,300.0,45,1.0,1.0,1.0,av san Martin  al 100 45m2 CON 01 Cochera,Lima,Barranco,1,Departamento · 45m² · 1 Dormitorio · 1 Estacionamiento
149324096,https://urbania.pe/inmueble/clasificado/veclapin-venta-de-departamento-en-barranco-lima-2-dormitorios-149324096?n_src=Listado&n_pills=%C3%81rea+de+lavander%C3%ADa&n_pg=2&n_pos=13,2026-05-18,barranco,urbania,291550.0,85000.0,70.0,62,2.0,1.0,,Calle Doña Delmira  al 400,Lima,Barranco,1,Departamento · 62m² · 2 Dormitorios
148320197,https://urbania.pe/inmueble/clasificado/veclapin-venta-de-departamento-en-barranco-lima-1-dormitorio-148320197?n_src=Listado&n_pills=Guardian%C3%ADa%2FSeguridad+privada&n_pg=2&n_pos=14,2026-05-18,barranco,urbania,486407.0,145000.0,350.0,43,1.0,1.0,1.0,Avenida Pedro de Osma 346,Lima,Barranco,1,Departamento · 43m² · 1 Dormitorio · 1 Estacionamiento
148094377,https://urbania.pe/inmueble/clasificado/veclapin-venta-de-departamento-en-barranco-lima-3-dormitorios-148094377?n_src=Listado&n_pills=Gimnasio&n_pg=2&n_pos=15,2026-05-18,barranco,urbania,700000.0,200000.0,400.0,83,3.0,2.0,1.0,Jirón Fedelli 101,Lima,Barranco,1,Departamento · 83m² · 3 Dormitorios · 1 Estacionamiento
142423411,https://urbania.pe/inmueble/clasificado/veclapin-venta-de-departamento-en-barranco-lima-2-dormitorios-142423411?n_src=Listado&n_pills=Guardian%C3%ADa%2FSeguridad+privada&n_pg=2&n_pos=16,2026-05-18,barranco,urbania,500000.0,135000.0,200.0,76,2.0,2.0,1.0,REPUBLICA DE PANAMA 348,Lima,Barranco,1,Departamento · 76m² · 2 Dormitorios · 1 Estacionamiento
148618616,https://urbania.pe/inmueble/clasificado/veclapin-venta-de-departamento-en-barranco-lima-1-dormitorio-148618616?n_src=Listado&n_pg=2&n_pos=17,2026-05-18,barranco,urbania,472600.0,139000.0,300.0,51,1.0,1.0,1.0,Avenida San Martín 230,Lima,Barranco,1,Departamento · 40m² · 1 Dormitorio · 1 Estacionamiento
148816519,https://urbania.pe/inmueble/clasificado/veclapin-venta-de-departamento-en-barranco-lima-3-dormitorios-148816519?n_src=Listado&n_pills=Seguridad&n_pg=2&n_pos=18,2026-05-18,barranco,urbania,734800.0,220000.0,450.0,92,3.0,2.0,1.0,Felipe Sassone 183,Lima,Barranco,1,Departamento · 92m² · 3 Dormitorios · 1 Estacionamiento
149273888,https://urbania.pe/inmueble/clasificado/veclapin-venta-de-departamento-en-barranco-lima-3-dormitorios-149273888?n_src=Listado&n_pills=%C3%81rea+de+lavander%C3%ADa&n_pg=2&n_pos=19,2026-05-18,barranco,urbania,670000.0,198000.0,300.0,126,3.0,2.0,1.0,Jirón Juan Fanning 212,Lima,Barranco,1,Departamento · 104m² · 3 Dormitorios · 1 Estacionamiento
149264820,https://urbania.pe/inmueble/clasificado/veclapin-venta-de-departamento-en-barranco-lima-2-dormitorios-149264820?n_src=Listado&n_pills=%C3%81rea+de+lavander%C3%ADa&n_pg=2&n_pos=20,2026-05-18,barranco,urbania,650000.0,185000.0,450.0,129,2.0,2.0,1.0,Av. Republica de Panama 330 Barranco,Lima,Barranco,1,Departamento · 129m² · 2 Dormitorios · 1 Estacionamiento
146184980,https://urbania.pe/inmueble/clasificado/veclapin-venta-de-departamento-en-barranco-lima-2-dormitorios-146184980?n_src=Listado&n_pills=Seguridad&n_pg=2&n_pos=21,2026-05-18,barranco,urbania,860200.0,230000.0,,100,2.0,2.0,1.0,Dirección no informada,Lima,Barranco,1,Departamento · 100m² · 2 Dormitorios · 1 Estacionamiento
149765117,https://urbania.pe/inmueble/clasificado/veclapin-venta-de-departamento-en-barranco-lima-2-dormitorios-149765117?n_src=Listado&n_pills=Seguridad&n_pg=2&n_pos=22,2026-05-18,barranco,urbania,510000.0,150000.0,,51,2.0,2.0,,Pedro Martino 114,Lima,Barranco,1,Departamento · 51m² · 2 Dormitorios
149386890,https://urbania.pe/inmueble/clasificado/veclapin-venta-de-departamento-en-barranco-lima-1-dormitorio-149386890?n_src=Listado&n_pills=Cerca+a+colegios&n_pg=2&n_pos=23,2026-05-18,barranco,urbania,590000.0,170000.0,400.0,74,1.0,1.0,1.0,Jirón Juan Fanning,Lima,Barranco,1,Departamento · 74m² · 1 Dormitorio · 1 Estacionamiento
144036713,https://urbania.pe/inmueble/clasificado/veclapin-venta-de-departamento-en-barranco-lima-3-dormitorios-144036713?n_src=Listado&n_pills=Cuartos+de+servicio&n_pg=2&n_pos=24,2026-05-18,barranco,urbania,5144000.0,1490000.0,2500.0,425,3.0,3.0,3.0,Malecon Paul Harris,Lima,Barranco,1,Departamento · 414m² · 3 Dormitorios · 3 Estacionamientos
149670945,https://urbania.pe/inmueble/clasificado/veclapin-venta-de-departamento-en-barranco-lima-3-dormitorios-149670945?n_src=Listado&n_pills=%C3%81rea+de+lavander%C3%ADa&n_pg=2&n_pos=25,2026-05-18,barranco,urbania,1120000.0,320000.0,550.0,168,3.0,5.0,2.0,Dulanto  117 - Barranco,Lima,Barranco,1,Departamento · 168m² · 3 Dormitorios · 2 Estacionamientos
149538000,https://urbania.pe/inmueble/clasificado/veclapin-venta-de-departamento-en-barranco-lima-2-dormitorios-149538000?n_src=Listado&n_pills=Parrilla&n_pg=2&n_pos=26,2026-05-18,barranco,urbania,563000.0,165000.0,330.0,56,2.0,2.0,1.0,Jirón Fedelli 101,Lima,Barranco,1,Departamento · 56m² · 2 Dormitorios · 1 Estacionamiento
149751815,https://urbania.pe/inmueble/clasificado/veclapin-venta-de-departamento-en-barranco-lima-2-dormitorios-149751815?n_src=Listado&n_pills=Seguridad&n_pg=2&n_pos=27,2026-05-18,barranco,urbania,578000.0,170000.0,,55,2.0,2.0,,Bustamante 195 Barranco,Lima,Barranco,1,Departamento · 55m² · 2 Dormitorios
146514842,https://urbania.pe/inmueble/clasificado/veclapin-venta-de-departamento-en-barranco-lima-3-dormitorios-146514842?n_src=Listado&n_pills=Cuartos+de+servicio&n_pg=2&n_pos=28,2026-05-18,barranco,urbania,710000.0,210000.0,341.0,173,3.0,3.0,1.0,Pasaje Pedro Solari 104,Lima,Barranco,1,Departamento · 173m² · 3 Dormitorios · 1 Estacionamiento
147790018,https://urbania.pe/inmueble/clasificado/veclapin-venta-de-departamento-en-barranco-lima-2-dormitorios-147790018?n_src=Listado&n_pills=Gimnasio&n_pg=2&n_pos=29,2026-05-18,barranco,urbania,840910.0,225806.0,250.0,74,2.0,2.0,1.0,JR. Carlos Arrieta 380,Lima,Barranco,1,Departamento · 74ha · 2 Dormitorios · 1 Estacionamiento
149653350,https://urbania.pe/inmueble/clasificado/veclapin-venta-de-departamento-en-barranco-lima-2-dormitorios-149653350?n_src=Listado&n_pills=Guardian%C3%ADa%2FSeguridad+privada&n_pg=2&n_pos=30,2026-05-18,barranco,urbania,566000.0,168000.0,350.0,56,2.0,2.0,1.0,Pedro de Osma,Lima,Barranco,1,Departamento · 56m² · 2 Dormitorios · 1 Estacionamiento
149189652,https://urbania.pe/inmueble/clasificado/veclapin-venta-de-departamento-en-barranco-lima-1-dormitorio-149189652?n_src=Listado&n_pills=Gimnasio&n_pg=3&n_pos=2,2026-05-18,barranco,urbania,370600.0,109000.0,231.0,38,1.0,1.0,1.0,Av. Pedro de Osma 300,Lima,Barranco,10,Departamento · 38m² · 1 Dormitorio · 1 Estacionamiento
149490623,https://urbania.pe/inmueble/clasificado/veclapin-venta-de-departamento-en-barranco-lima-2-dormitorios-149490623?n_src=Listado&n_pills=Jard%C3%ADn&n_pg=3&n_pos=3,2026-05-18,barranco,urbania,382375.0,,,106,2.0,1.0,1.0,Avenida Grau,Lima,Barranco,10,Departamento · 87m² · 2 Dormitorios · 1 Estacionamiento
149829887,https://urbania.pe/inmueble/clasificado/veclapin-venta-de-departamento-en-barranco-lima-2-dormitorios-149829887?n_src=Listado&n_pills=Guardian%C3%ADa%2FSeguridad+privada&n_pg=3&n_pos=4,2026-05-18,barranco,urbania,527000.0,155000.0,350.0,58,2.0,2.0,1.0,Jirón Pedro Martinto,Lima,Barranco,1,Departamento · 58m² · 2 Dormitorios · 1 Estacionamiento
149186721,https://urbania.pe/inmueble/clasificado/veclapin-venta-de-departamento-en-barranco-lima-3-dormitorios-149186721?n_src=Listado&n_pills=Cuartos+de+servicio&n_pg=3&n_pos=8,2026-05-18,barranco,urbania,3990500.0,1150000.0,1600.0,312,3.0,3.0,3.0,Dirección no informada,Lima,Barranco,1,Departamento · 312m² · 3 Dormitorios · 3 Estacionamientos
149100542,https://urbania.pe/inmueble/clasificado/veclapin-venta-de-departamento-en-barranco-lima-2-dormitorios-149100542?n_src=Listado&n_pills=%C3%81rea+de+lavander%C3%ADa&n_pg=3&n_pos=11,2026-05-18,barranco,urbania,1265000.0,380000.0,700.0,121,2.0,3.0,2.0,Av. El Sol Oeste cdra 4,Lima,Barranco,1,Departamento · 121m² · 2 Dormitorios · 2 Estacionamientos
145081493,https://urbania.pe/inmueble/clasificado/veclapin-venta-de-departamento-en-barranco-lima-3-dormitorios-145081493?n_src=Listado&n_pg=3&n_pos=13,2026-05-18,barranco,urbania,1776000.0,507429.0,,241,3.0,3.0,1.0,Barranco - Miraflores,Lima,Barranco,1,Departamento · 178m² · 3 Dormitorios · 1 Estacionamiento
147612441,https://urbania.pe/inmueble/clasificado/veclapin-venta-de-departamento-en-barranco-lima-2-dormitorios-147612441?n_src=Listado&n_pills=Seguridad&n_pg=3&n_pos=14,2026-05-18,barranco,urbania,539000.0,,320.0,75,2.0,2.0,1.0,JR. DELUCCHI,Lima,Barranco,1,Departamento · 75m² · 2 Dormitorios · 1 Estacionamiento
149791240,https://urbania.pe/inmueble/clasificado/veclapin-venta-de-departamento-en-barranco-lima-1-dormitorio-149791240?n_src=Listado&n_pills=%C3%81rea+de+lavander%C3%ADa&n_pg=3&n_pos=15,2026-05-18,barranco,urbania,503176.0,135990.0,,47,1.0,1.0,,PY Barranco 6,Lima,Barranco,1,Departamento · 47m² · 1 Dormitorio
148763445,https://urbania.pe/inmueble/clasificado/veclapin-venta-de-departamento-en-barranco-lima-4-dormitorios-148763445?n_src=Listado&n_pills=%C3%81rea+de+lavander%C3%ADa&n_pg=3&n_pos=16,2026-05-18,barranco,urbania,5661600.0,1680000.0,,586,4.0,4.0,6.0,Barranco,Lima,Barranco,1,Departamento · 586m² · 4 Dormitorios · 6 Estacionamientos
148851574,https://urbania.pe/inmueble/clasificado/veclapin-venta-de-departamento-en-barranco-lima-4-dormitorios-148851574?n_src=Listado&n_pills=%C3%81rea+de+lavander%C3%ADa&n_pg=3&n_pos=17,2026-05-18,barranco,urbania,1715000.0,490000.0,650.0,231,4.0,3.0,2.0,Parque Manuel Gonzales Prada,Lima,Barranco,1,Departamento · 231m² · 4 Dormitorios · 2 Estacionamientos
149791253,https://urbania.pe/inmueble/clasificado/veclapin-venta-de-departamento-en-barranco-lima-2-dormitorios-149791253?n_src=Listado&n_pills=Piscina&n_pg=3&n_pos=18,2026-05-18,barranco,urbania,554500.0,159339.0,,59,2.0,2.0,,Departamentos de Estreno en Jr. Carlos Arrieta  al 300- Barranco 2d-3d,Lima,Barranco,1,Departamento · 59m² · 2 Dormitorios
148320203,https://urbania.pe/inmueble/clasificado/veclapin-venta-de-departamento-en-barranco-lima-2-dormitorios-148320203?n_src=Listado&n_pills=Guardian%C3%ADa%2FSeguridad+privada&n_pg=3&n_pos=19,2026-05-18,barranco,urbania,553498.0,165000.0,,50,2.0,1.0,1.0,Avenida Pedro de Osma 346,Lima,Barranco,1,Departamento · 50m² · 2 Dormitorios · 1 Estacionamiento
149095271,https://urbania.pe/inmueble/clasificado/veclapin-venta-de-departamento-en-barranco-lima-3-dormitorios-149095271?n_src=Listado&n_pills=%C3%81rea+de+lavander%C3%ADa&n_pg=3&n_pos=20,2026-05-18,barranco,urbania,589750.0,175000.0,310.0,108,3.0,2.0,,Paseo de la República  al 6400,Lima,Barranco,1,Departamento · 108m² · 3 Dormitorios
149156330,https://urbania.pe/inmueble/clasificado/veclapin-venta-de-departamento-en-barranco-lima-1-dormitorio-149156330?n_src=Listado&n_pills=Gimnasio&n_pg=3&n_pos=21,2026-05-18,barranco,urbania,580000.0,165000.0,370.0,62,1.0,2.0,,Jirón Martinez de Pinillos 100,Lima,Barranco,1,Departamento · 62m² · 1 Dormitorio
149371951,https://urbania.pe/inmueble/clasificado/veclapin-venta-de-departamento-en-barranco-lima-2-dormitorios-149371951?n_src=Listado&n_pills=Piscina&n_pg=3&n_pos=22,2026-05-18,barranco,urbania,552100.0,,,58,2.0,2.0,,Jr. Carlos Arrieta 310,Lima,Barranco,1,Departamento · 58m² · 2 Dormitorios
147229530,https://urbania.pe/inmueble/clasificado/veclapin-venta-de-departamento-en-barranco-lima-3-dormitorios-147229530?n_src=Listado&n_pills=Parrilla&n_pg=3&n_pos=23,2026-05-18,barranco,urbania,810300.0,219000.0,490.0,83,3.0,3.0,1.0,TEODOSIO PARREÑO,Lima,Barranco,1,Departamento · 83m² · 3 Dormitorios · 1 Estacionamiento
147991972,https://urbania.pe/inmueble/clasificado/veclapin-venta-de-departamento-en-barranco-lima-3-dormitorios-147991972?n_src=Listado&n_pills=%C3%81rea+de+lavander%C3%ADa&n_pg=3&n_pos=24,2026-05-18,barranco,urbania,2235156.0,649000.0,1450.0,322,3.0,3.0,2.0,malecon paul harris,Lima,Barranco,1,Departamento · 272m² · 3 Dormitorios · 2 Estacionamientos
148816292,https://urbania.pe/inmueble/clasificado/veclapin-venta-de-departamento-en-barranco-lima-1-dormitorio-148816292?n_src=Listado&n_pills=Seguridad&n_pg=3&n_pos=25,2026-05-18,barranco,urbania,391000.0,115000.0,300.0,44,1.0,1.0,1.0,Av. Pedro de Osma,Lima,Barranco,1,Departamento · 44m² · 1 Dormitorio · 1 Estacionamiento
148960984,https://urbania.pe/inmueble/clasificado/veclapin-venta-de-departamento-en-barranco-lima-3-dormitorios-148960984?n_src=Listado&n_pills=Cuartos+de+servicio&n_pg=3&n_pos=26,2026-05-18,barranco,urbania,651300.0,205000.0,,116,3.0,2.0,1.0,Jiron Buenaventura Aguirre 206  Barranco  al 200,Lima,Barranco,1,Departamento · 116m² · 3 Dormitorios · 1 Estacionamiento
149642873,https://urbania.pe/inmueble/clasificado/veclapin-venta-de-departamento-en-barranco-lima-3-dormitorios-149642873?n_src=Listado&n_pills=%C3%81rea+de+lavander%C3%ADa&n_pg=3&n_pos=27,2026-05-18,barranco,urbania,5300000.0,1550000.0,720.0,560,3.0,4.0,,Puente de la Paz,Lima,Barranco,1,Departamento · 560m² · 3 Dormitorios
149266063,https://urbania.pe/inmueble/clasificado/veclapin-venta-de-departamento-en-barranco-lima-1-dormitorio-149266063?n_src=Listado&n_pg=3&n_pos=28,2026-05-18,barranco,urbania,437500.0,125000.0,,51,1.0,1.0,,Av. San Martín,Lima,Barranco,1,Departamento · 51m² · 1 Dormitorio
148249807,https://urbania.pe/inmueble/clasificado/veclapin-venta-de-departamento-en-barranco-lima-3-dormitorios-148249807?n_src=Listado&n_pills=Cuartos+de+servicio&n_pg=3&n_pos=29,2026-05-18,barranco,urbania,734660.0,225000.0,,104,3.0,2.0,2.0,Av. San Martin 617 Barranco  al 600,Lima,Barranco,1,Departamento · 104m² · 3 Dormitorios · 2 Estacionamientos
147145682,https://urbania.pe/inmueble/clasificado/veclapin-venta-de-departamento-en-barranco-lima-1-dormitorio-147145682?n_src=Listado&n_pills=Parrilla&n_pg=3&n_pos=30,2026-05-18,barranco,urbania,458217.0,129000.0,210.0,44,1.0,1.0,,Juan Fanning,Lima,Barranco,1,Departamento · 44m² · 1 Dormitorio
149791241,https://urbania.pe/inmueble/clasificado/veclapin-venta-de-departamento-en-barranco-lima-1-dormitorio-149791241?n_src=Listado&n_pills=Gimnasio&n_pg=4&n_pos=1,2026-05-18,barranco,urbania,579690.0,169500.0,,42,1.0,1.0,1.0,Avenida El Sol Oeste al 400,Lima,Barranco,10,Departamento · 42m² · 1 Dormitorio · 1 Estacionamiento
149698918,https://urbania.pe/inmueble/clasificado/veclapin-venta-de-departamento-en-barranco-lima-2-dormitorios-149698918?n_src=Listado&n_pills=Seguridad&n_pg=4&n_pos=2,2026-05-18,barranco,urbania,735900.0,210000.0,440.0,88,2.0,2.0,2.0,Av. San Martín 227,Lima,Barranco,10,Departamento · 88m² · 2 Dormitorios · 2 Estacionamientos
149791245,https://urbania.pe/inmueble/clasificado/veclapin-venta-de-departamento-en-barranco-lima-1-dormitorio-149791245?n_src=Listado&n_pills=Parrilla&n_pg=4&n_pos=3,2026-05-18,barranco,urbania,391579.0,111880.0,,39,1.0,1.0,1.0,Avenida San Martín  al 600,Lima,Barranco,10,Departamento · 39m² · 1 Dormitorio · 1 Estacionamiento
149507446,https://urbania.pe/inmueble/clasificado/veclapin-venta-de-departamento-en-barranco-lima-3-dormitorios-149507446?n_src=Listado&n_pills=%C3%81rea+de+lavander%C3%ADa&n_pg=4&n_pos=4,2026-05-18,barranco,urbania,593000.0,175000.0,370.0,102,3.0,2.0,1.0,Avenida Paseo de la República 6465,Lima,Barranco,1,Departamento · 102m² · 3 Dormitorios · 1 Estacionamiento
149385294,https://urbania.pe/inmueble/clasificado/veclapin-venta-de-departamento-en-barranco-lima-1-dormitorio-149385294?n_src=Listado&n_pills=Guardian%C3%ADa%2FSeguridad+privada&n_pg=4&n_pos=5,2026-05-18,barranco,urbania,435480.0,125000.0,200.0,40,1.0,1.0,,Av. Almte. Miguel Grau,Lima,Barranco,1,Departamento · 40m² · 1 Dormitorio
147708893,https://urbania.pe/inmueble/clasificado/veclapin-venta-de-departamento-en-barranco-lima-1-dormitorio-147708893?n_src=Listado&n_pills=Parrilla&n_pg=4&n_pos=6,2026-05-18,barranco,urbania,445380.0,130000.0,,46,1.0,,,Av El Sol Oeste,Lima,Barranco,1,Departamento · 46m² · 1 Dormitorio
149449649,https://urbania.pe/inmueble/clasificado/veclapin-venta-de-departamento-en-barranco-lima-1-dormitorio-149449649?n_src=Listado&n_pills=Jard%C3%ADn&n_pg=4&n_pos=7,2026-05-18,barranco,urbania,446275.0,129000.0,250.0,38,1.0,1.0,1.0,Grau al 1430,Lima,Barranco,1,Departamento · 38m² · 1 Dormitorio · 1 Estacionamiento
148857576,https://urbania.pe/inmueble/clasificado/veclapin-venta-de-departamento-en-barranco-lima-4-dormitorios-148857576?n_src=Listado&n_pills=Cuartos+de+servicio&n_pg=4&n_pos=8,2026-05-18,barranco,urbania,7684000.0,2260000.0,3100.0,786,4.0,5.0,4.0,Jr. Batalla de Junin,Lima,Barranco,1,Departamento · 751m² · 4 Dormitorios · 4 Estacionamientos
148804284,https://urbania.pe/inmueble/clasificado/veclapin-venta-de-departamento-en-barranco-lima-2-dormitorios-148804284?n_src=Listado&n_pills=Seguridad&n_pg=4&n_pos=9,2026-05-18,barranco,urbania,453600.0,135000.0,,57,2.0,2.0,1.0,Av. Almirante Miguel Grau  al 1400,Lima,Barranco,1,Departamento · 57m² · 2 Dormitorios · 1 Estacionamiento
145979419,https://urbania.pe/inmueble/clasificado/veclapin-venta-de-departamento-en-barranco-lima-2-dormitorios-145979419?n_src=Listado&n_pills=Guardian%C3%ADa%2FSeguridad+privada&n_pg=4&n_pos=10,2026-05-18,barranco,urbania,675250.0,185000.0,400.0,72,2.0,2.0,,Fedelli al 100,Lima,Barranco,1,Departamento · 72m² · 2 Dormitorios
149651540,https://urbania.pe/inmueble/clasificado/veclapin-venta-de-departamento-en-barranco-lima-1-dormitorio-149651540?n_src=Listado&n_pills=%C3%81rea+de+lavander%C3%ADa&n_pg=4&n_pos=11,2026-05-18,barranco,urbania,289000.0,85000.0,120.0,45,1.0,1.0,,Jiron Corpancho Barranco,Lima,Barranco,1,Departamento · 45m² · 1 Dormitorio
149791248,https://urbania.pe/inmueble/clasificado/veclapin-venta-de-departamento-en-barranco-lima-2-dormitorios-149791248?n_src=Listado&n_pills=Gimnasio&n_pg=4&n_pos=12,2026-05-18,barranco,urbania,578850.0,172787.0,,79,2.0,2.0,1.0,2 de Mayo al 100,Lima,Barranco,1,Departamento · 79m² · 2 Dormitorios · 1 Estacionamiento
147239693,https://urbania.pe/inmueble/clasificado/veclapin-venta-de-departamento-en-barranco-lima-1-dormitorio-147239693?n_src=Listado&n_pills=Seguridad&n_pg=4&n_pos=13,2026-05-18,barranco,urbania,434868.0,123000.0,170.0,39,1.0,1.0,,EL SOL,Lima,Barranco,1,Departamento · 41m² · 1 Dormitorio
149140737,https://urbania.pe/inmueble/clasificado/veclapin-venta-de-departamento-en-barranco-lima-2-dormitorios-149140737?n_src=Listado&n_pills=Gimnasio&n_pg=4&n_pos=14,2026-05-18,barranco,urbania,557000.0,,300.0,58,2.0,2.0,1.0,Arrieta al 370,Lima,Barranco,1,Departamento · 58m² · 2 Dormitorios · 1 Estacionamiento
148826663,https://urbania.pe/inmueble/clasificado/veclapin-venta-de-departamento-en-barranco-lima-3-dormitorios-148826663?n_src=Listado&n_pills=%C3%81rea+de+lavander%C3%ADa&n_pg=4&n_pos=15,2026-05-18,barranco,urbania,2840000.0,800000.0,,170,3.0,3.0,2.0,"Av.el SOL  al 300-venta de Departamento Frente al Mar, 03 Dormitorios 02 Cocheras-barranco",Lima,Barranco,1,Departamento · 161m² · 3 Dormitorios · 2 Estacionamientos
148969028,https://urbania.pe/inmueble/clasificado/veclapin-venta-de-departamento-en-barranco-lima-3-dormitorios-148969028?n_src=Listado&n_pills=Gimnasio&n_pg=4&n_pos=16,2026-05-18,barranco,urbania,960229.0,284935.0,,89,3.0,2.0,1.0,Calle Enrique Barrón - Departamento de Estreno en Venta - A 2 Cuadras de la Bajada Armendariz,Lima,Barranco,1,Departamento · 79m² · 3 Dormitorios · 1 Estacionamiento
148832648,https://urbania.pe/inmueble/clasificado/veclapin-venta-de-departamento-en-barranco-lima-2-dormitorios-148832648?n_src=Listado&n_pills=Seguridad&n_pg=4&n_pos=17,2026-05-18,barranco,urbania,510000.0,145700.0,380.0,60,2.0,2.0,1.0,Av. El Sol Este 176,Lima,Barranco,1,Departamento · 60m² · 2 Dormitorios · 1 Estacionamiento
148475534,https://urbania.pe/inmueble/clasificado/veclapin-venta-de-departamento-en-barranco-lima-1-dormitorio-148475534?n_src=Listado&n_pg=4&n_pos=18,2026-05-18,barranco,urbania,620803.0,185000.0,,60,1.0,1.0,1.0,Pasaje Solari,Lima,Barranco,1,Departamento · 60m² · 1 Dormitorio · 1 Estacionamiento
149671653,https://urbania.pe/inmueble/clasificado/veclapin-venta-de-departamento-en-barranco-lima-1-dormitorio-149671653?n_src=Listado&n_pills=Piscina&n_pg=4&n_pos=19,2026-05-18,barranco,urbania,454245.0,130000.0,210.0,42,1.0,1.0,,Av. Almte. Miguel Grau,Lima,Barranco,1,Departamento · 42m² · 1 Dormitorio
149325041,https://urbania.pe/inmueble/clasificado/veclapin-venta-de-departamento-en-barranco-lima-1-dormitorio-149325041?n_src=Listado&n_pg=4&n_pos=20,2026-05-18,barranco,urbania,405000.0,117390.0,,40,1.0,1.0,,Jr Enrique Barrón  al 600,Lima,Barranco,1,Departamento · 40m² · 1 Dormitorio
148700541,https://urbania.pe/inmueble/clasificado/veclapin-venta-de-departamento-en-barranco-lima-1-dormitorio-148700541?n_src=Listado&n_pills=Gimnasio&n_pg=4&n_pos=21,2026-05-18,barranco,urbania,425600.0,112000.0,175.0,45,1.0,1.0,,Av. Almte. Miguel Grau 1500,Lima,Barranco,1,Departamento · 45m² · 1 Dormitorio
144655171,https://urbania.pe/inmueble/clasificado/veclapin-venta-de-departamento-en-barranco-lima-2-dormitorios-144655171?n_src=Listado&n_pills=Seguridad&n_pg=4&n_pos=22,2026-05-18,barranco,urbania,995600.0,262000.0,,83,2.0,2.0,,PEDRO DE OSMA,Lima,Barranco,1,Departamento · 83m² · 2 Dormitorios
149864586,https://urbania.pe/inmueble/clasificado/veclapin-venta-de-departamento-en-barranco-lima-2-dormitorios-149864586?n_src=Listado&n_pills=Guardian%C3%ADa%2FSeguridad+privada&n_pg=4&n_pos=23,2026-05-18,barranco,urbania,513000.0,150000.0,320.0,73,2.0,2.0,1.0,Jirón Enrique Delucchi al 200,Lima,Barranco,1,Departamento · 73m² · 2 Dormitorios · 1 Estacionamiento
148741476,https://urbania.pe/inmueble/clasificado/veclapin-venta-de-departamento-en-barranco-lima-148741476?n_src=Listado&n_pills=Cuartos+de+servicio&n_pg=4&n_pos=24,2026-05-18,barranco,urbania,5527500.0,1650000.0,,570,,3.0,6.0,"Av. 28 de Julio N 4, Piso 6, Barranco",Lima,Barranco,1,Departamento · 570m² · 6 Estacionamientos
149689169,https://urbania.pe/inmueble/clasificado/veclapin-venta-de-departamento-en-barranco-lima-2-dormitorios-149689169?n_src=Listado&n_pills=Guardian%C3%ADa%2FSeguridad+privada&n_pg=4&n_pos=25,2026-05-18,barranco,urbania,554500.0,165522.0,,59,2.0,2.0,1.0,Jr. Carlos Arrieta - Departamento en Venta - A 5 Minutos de la Bajada Armendariz,Lima,Barranco,1,Departamento · 59m² · 2 Dormitorios · 1 Estacionamiento
148637567,https://urbania.pe/inmueble/clasificado/veclapin-venta-de-departamento-en-barranco-lima-2-dormitorios-148637567?n_src=Listado&n_pills=Seguridad&n_pg=4&n_pos=26,2026-05-18,barranco,urbania,567840.0,169000.0,350.0,56,2.0,2.0,1.0,Av. Pedro de Osma 346,Lima,Barranco,1,Departamento · 56m² · 2 Dormitorios · 1 Estacionamiento
145081481,https://urbania.pe/inmueble/clasificado/veclapin-venta-de-departamento-en-barranco-lima-2-dormitorios-145081481?n_src=Listado&n_pg=4&n_pos=27,2026-05-18,barranco,urbania,675500.0,193000.0,,77,2.0,2.0,1.0,Límite Barranco y Miraflores,Lima,Barranco,1,Departamento · 77m² · 2 Dormitorios · 1 Estacionamiento
149790236,https://urbania.pe/inmueble/clasificado/veclapin-venta-de-departamento-en-barranco-lima-2-dormitorios-149790236?n_src=Listado&n_pg=4&n_pos=28,2026-05-18,barranco,urbania,519000.0,150000.0,,73,2.0,2.0,1.0,Jirón Juan Fanning al 300,Lima,Barranco,1,Departamento · 73m² · 2 Dormitorios · 1 Estacionamiento
148574926,https://urbania.pe/inmueble/clasificado/veclapin-venta-de-departamento-en-barranco-lima-1-dormitorio-148574926?n_src=Listado&n_pills=Seguridad&n_pg=4&n_pos=29,2026-05-18,barranco,urbania,544000.0,160000.0,350.0,65,1.0,1.0,1.0,Felipe Sassone barranco,Lima,Barranco,1,Departamento · 65m² · 1 Dormitorio · 1 Estacionamiento
149309081,https://urbania.pe/inmueble/clasificado/veclapin-venta-de-departamento-en-barranco-lima-3-dormitorios-149309081?n_src=Listado&n_pills=Seguridad&n_pg=4&n_pos=30,2026-05-18,barranco,urbania,1164500.0,340000.0,400.0,130,3.0,2.0,1.0,Jirón Las Mimosas 287,Lima,Barranco,1,Departamento · 130m² · 3 Dormitorios · 1 Estacionamiento
148694002,https://urbania.pe/inmueble/clasificado/veclapin-venta-de-departamento-en-tejadita-barranco-2-dormitorios-148694002?n_src=Listado&n_pills=Gimnasio&n_pg=5&n_pos=2,2026-05-18,barranco,urbania,376320.0,112000.0,40.0,76,2.0,1.0,,"Jr. Ignacio Mariategui, 2xx, Dpto 1xx, Barranco",Barranco,Tejadita,10,Departamento · 59m² · 2 Dormitorios
147794347,https://urbania.pe/inmueble/clasificado/veclapin-venta-de-departamento-en-barranco-lima-3-dormitorios-147794347?n_src=Listado&n_pills=%C3%81rea+de+lavander%C3%ADa&n_pg=5&n_pos=3,2026-05-18,barranco,urbania,655000.0,190000.0,500.0,132,3.0,3.0,1.0,AURELIO SOUZA  4xx,Lima,Barranco,10,Departamento · 132m² · 3 Dormitorios · 1 Estacionamiento
149416521,https://urbania.pe/inmueble/clasificado/veclapin-venta-de-departamento-en-barranco-lima-2-dormitorios-149416521?n_src=Listado&n_pills=%C3%81rea+de+lavander%C3%ADa&n_pg=5&n_pos=4,2026-05-18,barranco,urbania,662300.0,201041.0,,110,2.0,2.0,,Límite Barranco con Miraflores,Lima,Barranco,1,Departamento · 77m² · 2 Dormitorios
144582173,https://urbania.pe/inmueble/clasificado/veclapin-venta-de-departamento-en-barranco-lima-2-dormitorios-144582173?n_src=Listado&n_pills=Cerca+a+colegios&n_pg=5&n_pos=5,2026-05-18,barranco,urbania,574600.0,169000.0,360.0,55,2.0,2.0,1.0,Pedro de Osma,Lima,Barranco,1,Departamento · 55m² · 2 Dormitorios · 1 Estacionamiento
149849874,https://urbania.pe/inmueble/clasificado/veclapin-venta-de-departamento-en-barranco-lima-1-dormitorio-149849874?n_src=Listado&n_pills=Guardian%C3%ADa%2FSeguridad+privada&n_pg=5&n_pos=6,2026-05-18,barranco,urbania,469990.0,,217.0,44,1.0,1.0,1.0,Avenida San Martín 765,Lima,Barranco,1,Departamento · 44m² · 1 Dormitorio · 1 Estacionamiento
141719617,https://urbania.pe/inmueble/clasificado/veclapin-venta-de-departamento-en-barranco-lima-3-dormitorios-141719617?n_src=Listado&n_pills=%C3%81rea+de+lavander%C3%ADa&n_pg=5&n_pos=7,2026-05-18,barranco,urbania,1715000.0,490000.0,600.0,176,3.0,3.0,2.0,Av. El Sol oeste esquina Mimosas,Lima,Barranco,1,Departamento · 124m² · 3 Dormitorios · 2 Estacionamientos
148901577,https://urbania.pe/inmueble/clasificado/veclapin-venta-de-departamento-en-barranco-lima-2-dormitorios-148901577?n_src=Listado&n_pills=Piscina&n_pg=5&n_pos=8,2026-05-18,barranco,urbania,735240.0,220000.0,430.0,80,2.0,2.0,1.0,Pasaje Fidelli 101,Lima,Barranco,1,Departamento · 80m² · 2 Dormitorios · 1 Estacionamiento
149760565,https://urbania.pe/inmueble/clasificado/veclapin-venta-de-departamento-en-barranco-lima-1-dormitorio-149760565?n_src=Listado&n_pills=%C3%81rea+de+lavander%C3%ADa&n_pg=5&n_pos=9,2026-05-18,barranco,urbania,455000.0,130000.0,280.0,52,1.0,1.0,1.0,Av. El Sol Oeste 145,Lima,Barranco,1,Departamento · 52m² · 1 Dormitorio · 1 Estacionamiento
149035465,https://urbania.pe/inmueble/clasificado/veclapin-venta-de-departamento-en-barranco-lima-3-dormitorios-149035465?n_src=Listado&n_pills=Guardian%C3%ADa%2FSeguridad+privada&n_pg=5&n_pos=10,2026-05-18,barranco,urbania,550000.0,158000.0,250.0,78,3.0,2.0,1.0,Jr. Jaen 258,Lima,Barranco,1,Departamento · 78m² · 3 Dormitorios · 1 Estacionamiento
149254659,https://urbania.pe/inmueble/clasificado/veclapin-venta-de-departamento-en-barranco-lima-3-dormitorios-149254659?n_src=Listado&n_pills=Seguridad&n_pg=5&n_pos=11,2026-05-18,barranco,urbania,1224000.0,360000.0,890.0,247,3.0,3.0,2.0,Ramon Ribeyro  8,Lima,Barranco,1,Departamento · 168m² · 3 Dormitorios · 2 Estacionamientos
148276260,https://urbania.pe/inmueble/clasificado/veclapin-venta-de-departamento-en-san-ignacio-barranco-2-dormitorios-148276260?n_src=Listado&n_pg=5&n_pos=12,2026-05-18,barranco,urbania,323000.0,95000.0,140.0,70,2.0,1.0,,av franciso bolognesi,Barranco,San Ignacio,1,Departamento · 65m² · 2 Dormitorios
90133051,https://urbania.pe/inmueble/clasificado/veclapin-venta-de-departamento-en-barranco-lima-2-dormitorios-90133051?n_src=Listado&n_pills=Seguridad&n_pg=5&n_pos=13,2026-05-18,barranco,urbania,620000.0,176200.0,350.0,73,2.0,2.0,,AV GRAU Y CALLE FEDELLI BARRANCO,Lima,Barranco,1,Departamento · 73m² · 2 Dormitorios
149624411,https://urbania.pe/inmueble/clasificado/veclapin-venta-de-departamento-en-barranco-lima-2-dormitorios-149624411?n_src=Listado&n_pills=Guardian%C3%ADa%2FSeguridad+privada&n_pg=5&n_pos=14,2026-05-18,barranco,urbania,950000.0,,400.0,100,2.0,2.0,2.0,Calle Ramón Ribeyro,Lima,Barranco,1,Departamento · 85m² · 2 Dormitorios · 2 Estacionamientos
146446296,https://urbania.pe/inmueble/clasificado/veclapin-venta-de-departamento-en-barranco-lima-2-dormitorios-146446296?n_src=Listado&n_pills=Jard%C3%ADn&n_pg=5&n_pos=15,2026-05-18,barranco,urbania,605631.0,178127.0,,82,2.0,2.0,,Jr. 2 de Mayo 155 Barranco,Lima,Barranco,1,Departamento · 82m² · 2 Dormitorios
149869039,https://urbania.pe/inmueble/clasificado/veclapin-venta-de-departamento-en-barranco-lima-1-dormitorio-149869039?n_src=Listado&n_pills=Seguridad&n_pg=5&n_pos=16,2026-05-18,barranco,urbania,674900.0,198500.0,520.0,73,1.0,2.0,1.0,Calle Tacna 500,Lima,Barranco,1,Departamento · 73m² · 1 Dormitorio · 1 Estacionamiento
142802045,https://urbania.pe/inmueble/clasificado/veclapin-venta-de-departamento-en-san-ignacio-barranco-1-dormitorio-142802045?n_src=Listado&n_pg=5&n_pos=17,2026-05-18,barranco,urbania,529050.0,150000.0,,49,1.0,2.0,1.0,Avenida San Martin,Barranco,San Ignacio,1,Departamento · 49m² · 1 Dormitorio · 1 Estacionamiento
149612578,https://urbania.pe/inmueble/clasificado/veclapin-venta-de-departamento-en-barranco-lima-2-dormitorios-149612578?n_src=Listado&n_pills=Seguridad&n_pg=5&n_pos=18,2026-05-18,barranco,urbania,566000.0,168000.0,350.0,56,2.0,2.0,1.0,Pedro de Osma,Lima,Barranco,1,Departamento · 56m² · 2 Dormitorios · 1 Estacionamiento
4000171,https://urbania.pe/inmueble/clasificado/veclapin-venta-de-departamento-en-barranco-lima-2-dormitorios-4000171?n_src=Listado&n_pills=Parrilla&n_pg=5&n_pos=19,2026-05-18,barranco,urbania,774900.0,205000.0,,80,2.0,2.0,1.0,jiron pedro martinto  cra.1,Lima,Barranco,1,Departamento · 80m² · 2 Dormitorios · 1 Estacionamiento
149902915,https://urbania.pe/inmueble/clasificado/veclapin-venta-de-departamento-en-barranco-lima-2-dormitorios-149902915?n_src=Listado&n_pills=Seguridad&n_pg=5&n_pos=20,2026-05-18,barranco,urbania,578000.0,167000.0,230.0,56,2.0,2.0,1.0,Pasaje Fidelli 101,Lima,Barranco,1,Departamento · 56m² · 2 Dormitorios · 1 Estacionamiento
146995730,https://urbania.pe/inmueble/clasificado/veclapin-venta-de-departamento-en-barranco-lima-4-dormitorios-146995730?n_src=Listado&n_pills=%C3%81rea+de+lavander%C3%ADa&n_pg=5&n_pos=21,2026-05-18,barranco,urbania,6195000.0,1750000.0,3169.0,632,4.0,4.0,4.0,Bresciani,Lima,Barranco,1,Departamento · 395m² · 4 Dormitorios · 4 Estacionamientos
142654681,https://urbania.pe/inmueble/clasificado/veclapin-venta-de-departamento-en-barranco-lima-2-dormitorios-142654681?n_src=Listado&n_pills=%C3%81rea+de+lavander%C3%ADa&n_pg=5&n_pos=22,2026-05-18,barranco,urbania,832500.0,225000.0,500.0,120,2.0,2.0,1.0,Calle Perez Roca,Lima,Barranco,1,Departamento · 120m² · 2 Dormitorios · 1 Estacionamiento
149358449,https://urbania.pe/inmueble/clasificado/veclapin-venta-de-departamento-en-barranco-lima-3-dormitorios-149358449?n_src=Listado&n_pills=%C3%81rea+de+lavander%C3%ADa&n_pg=5&n_pos=23,2026-05-18,barranco,urbania,638250.0,185000.0,400.0,103,3.0,2.0,1.0,Jirón Tumbes 309,Lima,Barranco,1,Departamento · 103m² · 3 Dormitorios · 1 Estacionamiento
4272050,https://urbania.pe/inmueble/clasificado/veclapin-venta-de-departamento-en-barranco-lima-2-dormitorios-4272050?n_src=Listado&n_pills=Gimnasio&n_pg=5&n_pos=24,2026-05-18,barranco,urbania,2000000.0,610000.0,900.0,210,2.0,3.0,2.0,Acantilado de Barranco,Lima,Barranco,1,Departamento · 210m² · 2 Dormitorios · 2 Estacionamientos
149841886,https://urbania.pe/inmueble/clasificado/veclapin-venta-de-departamento-en-san-ignacio-barranco-3-dormitorios-149841886?n_src=Listado&n_pills=Guardian%C3%ADa%2FSeguridad+privada&n_pg=5&n_pos=25,2026-05-18,barranco,urbania,1851365.0,540000.0,811.0,207,3.0,3.0,2.0,Malecón Paúl Harris 358,Barranco,San Ignacio,1,Departamento · 207m² · 3 Dormitorios · 2 Estacionamientos
146150621,https://urbania.pe/inmueble/clasificado/veclapin-venta-de-departamento-en-barranco-lima-3-dormitorios-146150621?n_src=Listado&n_pills=Cerca+a+colegios&n_pg=5&n_pos=26,2026-05-18,barranco,urbania,1200000.0,340000.0,600.0,162,3.0,2.0,2.0,"CALLE DELUCCHI 015, BARRANCO",Lima,Barranco,1,Departamento · 162m² · 3 Dormitorios · 2 Estacionamientos
146467967,https://urbania.pe/inmueble/clasificado/veclapin-venta-de-departamento-en-barranco-lima-1-dormitorio-146467967?n_src=Listado&n_pills=Parrilla&n_pg=5&n_pos=27,2026-05-18,barranco,urbania,458500.0,130000.0,150.0,42,1.0,1.0,1.0,Jr. las mimosas,Lima,Barranco,1,Departamento · 42m² · 1 Dormitorio · 1 Estacionamiento
149609319,https://urbania.pe/inmueble/clasificado/veclapin-venta-de-departamento-en-barranco-lima-3-dormitorios-149609319?n_src=Listado&n_pills=%C3%81rea+de+lavander%C3%ADa&n_pg=5&n_pos=28,2026-05-18,barranco,urbania,547000.0,159950.0,,129,3.0,1.0,,Jr. Independencia  al 248,Lima,Barranco,1,Departamento · 128m² · 3 Dormitorios
149154832,https://urbania.pe/inmueble/clasificado/veclapin-venta-de-departamento-en-barranco-lima-1-dormitorio-149154832?n_src=Listado&n_pg=5&n_pos=29,2026-05-18,barranco,urbania,449000.0,130000.0,,41,1.0,1.0,,Bustamante 195 Barranco,Lima,Barranco,1,Departamento · 41m² · 1 Dormitorio
149319130,https://urbania.pe/inmueble/clasificado/veclapin-venta-de-departamento-en-barranco-lima-3-dormitorios-149319130?n_src=Listado&n_pills=Jard%C3%ADn&n_pg=5&n_pos=30,2026-05-18,barranco,urbania,362250.0,105000.0,250.0,70,3.0,2.0,1.0,Avenida República de Panamá 348,Lima,Barranco,1,Departamento · 70m² · 3 Dormitorios · 1 Estacionamiento
149654882,https://urbania.pe/inmueble/clasificado/veclapin-venta-de-departamento-en-barranco-lima-2-dormitorios-149654882?n_src=Listado&n_pills=Guardian%C3%ADa%2FSeguridad+privada&n_pg=6&n_pos=1,2026-05-18,barranco,urbania,678000.0,195000.0,250.0,67,2.0,2.0,1.0,Avenida San Martín 625,Lima,Barranco,10,Departamento · 63m² · 2 Dormitorios · 1 Estacionamiento
147578730,https://urbania.pe/inmueble/clasificado/veclapin-venta-de-departamento-en-barranco-lima-1-dormitorio-147578730?n_src=Listado&n_pills=Gimnasio&n_pg=6&n_pos=2,2026-05-18,barranco,urbania,565750.0,155000.0,325.0,59,1.0,1.0,1.0,av. Pedro de osma,Lima,Barranco,9,Departamento · 38m² · 1 Dormitorio · 1 Estacionamiento
149642136,https://urbania.pe/inmueble/clasificado/veclapin-venta-de-departamento-en-barranco-lima-1-dormitorio-149642136?n_src=Listado&n_pills=%C3%81rea+de+lavander%C3%ADa&n_pg=6&n_pos=3,2026-05-18,barranco,urbania,582000.0,168000.0,200.0,36,1.0,1.0,,Jr. Carlos Arrieta 190,Lima,Barranco,10,Departamento · 36m² · 1 Dormitorio
149159632,https://urbania.pe/inmueble/clasificado/veclapin-venta-de-departamento-en-barranco-lima-1-dormitorio-149159632?n_src=Listado&n_pills=Seguridad&n_pg=6&n_pos=4,2026-05-18,barranco,urbania,414000.0,120000.0,280.0,40,1.0,1.0,,Av. San Martin esq Av. El Sol Oeste,Lima,Barranco,1,Departamento · 40m² · 1 Dormitorio
149606248,https://urbania.pe/inmueble/clasificado/veclapin-venta-de-departamento-en-barranco-lima-1-dormitorio-149606248?n_src=Listado&n_pills=Seguridad&n_pg=6&n_pos=5,2026-05-18,barranco,urbania,554400.0,165000.0,350.0,40,1.0,1.0,1.0,El Sol Oeste,Lima,Barranco,1,Departamento · 40m² · 1 Dormitorio · 1 Estacionamiento
149735387,https://urbania.pe/inmueble/clasificado/veclapin-venta-de-departamento-en-barranco-lima-2-dormitorios-149735387?n_src=Listado&n_pills=Cerca+a+colegios&n_pg=6&n_pos=6,2026-05-18,barranco,urbania,1330000.0,380000.0,300.0,93,2.0,2.0,1.0,Jr. Las Mimosas 131,Lima,Barranco,1,Departamento · 93m² · 2 Dormitorios · 1 Estacionamiento
143492305,https://urbania.pe/inmueble/clasificado/veclapin-venta-de-departamento-en-tejada-alta-barranco-2-dormitorios-143492305?n_src=Listado&n_pills=Guardian%C3%ADa%2FSeguridad+privada&n_pg=6&n_pos=7,2026-05-18,barranco,urbania,665000.0,190000.0,270.0,64,2.0,2.0,,"Av, el Sol",Barranco,Tejada Alta,1,Departamento · 64m² · 2 Dormitorios
149152009,https://urbania.pe/inmueble/clasificado/veclapin-venta-de-departamento-en-barranco-lima-2-dormitorios-149152009?n_src=Listado&n_pills=Guardian%C3%ADa%2FSeguridad+privada&n_pg=6&n_pos=8,2026-05-18,barranco,urbania,745000.0,220000.0,400.0,95,2.0,3.0,1.0,Jirón Medrano Silva,Lima,Barranco,1,Departamento · 85m² · 2 Dormitorios · 1 Estacionamiento
13366738,https://urbania.pe/inmueble/clasificado/veclapin-venta-de-departamento-en-barranco-lima-3-dormitorios-13366738?n_src=Listado&n_pills=Cuartos+de+servicio&n_pg=6&n_pos=9,2026-05-18,barranco,urbania,998000.0,298000.0,,182,3.0,3.0,2.0,parque golzales prada,Lima,Barranco,1,Departamento · 182m² · 3 Dormitorios · 2 Estacionamientos
148464657,https://urbania.pe/inmueble/clasificado/veclapin-venta-de-departamento-en-barranco-lima-2-dormitorios-148464657?n_src=Listado&n_pills=Guardian%C3%ADa%2FSeguridad+privada&n_pg=6&n_pos=10,2026-05-18,barranco,urbania,1006600.0,300477.0,,120,2.0,2.0,,Duplex de Lujo,Lima,Barranco,1,Departamento · 96m² · 2 Dormitorios
149297338,https://urbania.pe/inmueble/clasificado/veclapin-venta-de-departamento-en-barranco-lima-3-dormitorios-149297338?n_src=Listado&n_pills=Guardian%C3%ADa%2FSeguridad+privada&n_pg=6&n_pos=11,2026-05-18,barranco,urbania,870000.0,249000.0,580.0,124,3.0,3.0,1.0,AV. EL SOL ESTE 2XX DPTO 5,Lima,Barranco,1,Departamento · 124m² · 3 Dormitorios · 1 Estacionamiento
149320883,https://urbania.pe/inmueble/clasificado/veclapin-venta-de-departamento-en-barranco-lima-1-dormitorio-149320883?n_src=Listado&n_pills=Gimnasio&n_pg=6&n_pos=12,2026-05-18,barranco,urbania,586500.0,170000.0,300.0,57,1.0,1.0,1.0,Jirón Juan Fanning,Lima,Barranco,1,Departamento · 57m² · 1 Dormitorio · 1 Estacionamiento
149841644,https://urbania.pe/inmueble/clasificado/veclapin-venta-de-departamento-en-barranco-lima-2-dormitorios-149841644?n_src=Listado&n_pills=Jard%C3%ADn&n_pg=6&n_pos=13,2026-05-18,barranco,urbania,983250.0,285000.0,495.0,82,2.0,2.0,1.0,a una cuadra del malecon Paul Harris,Lima,Barranco,1,Departamento · 79m² · 2 Dormitorios · 1 Estacionamiento
145676971,https://urbania.pe/inmueble/clasificado/veclapin-venta-de-departamento-en-barranco-lima-2-dormitorios-145676971?n_src=Listado&n_pills=Seguridad&n_pg=6&n_pos=14,2026-05-18,barranco,urbania,684657.0,187065.0,350.0,83,2.0,2.0,,JIRON 2 DE MAYO,Lima,Barranco,1,Departamento · 83m² · 2 Dormitorios
148992069,https://urbania.pe/inmueble/clasificado/veclapin-venta-de-departamento-en-venegas-barranco-2-dormitorios-148992069?n_src=Listado&n_pills=Jard%C3%ADn&n_pg=6&n_pos=15,2026-05-18,barranco,urbania,1043000.0,298000.0,850.0,110,2.0,2.0,1.0,Jr .Batalla De Junín N°201,Barranco,Venegas,1,Departamento · 103m² · 2 Dormitorios · 1 Estacionamiento
149862204,https://urbania.pe/inmueble/clasificado/veclapin-venta-de-departamento-en-barranco-lima-1-dormitorio-149862204?n_src=Listado&n_pills=Gimnasio&n_pg=6&n_pos=16,2026-05-18,barranco,urbania,465000.0,135000.0,,46,1.0,1.0,1.0,Centenario,Lima,Barranco,1,Departamento · 46m² · 1 Dormitorio · 1 Estacionamiento
148451300,https://urbania.pe/inmueble/clasificado/veclapin-venta-de-departamento-en-barranco-lima-1-dormitorio-148451300?n_src=Listado&n_pills=Seguridad&n_pg=6&n_pos=17,2026-05-18,barranco,urbania,279650.0,79900.0,180.0,46,1.0,1.0,,Av Republica de Panama 350,Lima,Barranco,1,Departamento · 46m² · 1 Dormitorio
148596304,https://urbania.pe/inmueble/clasificado/veclapin-venta-de-departamento-en-barranco-lima-4-dormitorios-148596304?n_src=Listado&n_pills=Gimnasio&n_pg=6&n_pos=18,2026-05-18,barranco,urbania,3538500.0,1050000.0,1400.0,350,4.0,4.0,3.0,Dirección no informada,Lima,Barranco,1,Departamento · 350m² · 4 Dormitorios · 3 Estacionamientos
149907099,https://urbania.pe/inmueble/clasificado/veclapin-venta-de-departamento-en-barranco-lima-3-dormitorios-149907099?n_src=Listado&n_pills=Seguridad&n_pg=6&n_pos=19,2026-05-18,barranco,urbania,379000.0,109990.0,250.0,63,3.0,2.0,,Aurelio Souza 447,Lima,Barranco,1,Departamento · 63m² · 3 Dormitorios
148902578,https://urbania.pe/inmueble/clasificado/veclapin-venta-de-departamento-en-barranco-lima-3-dormitorios-148902578?n_src=Listado&n_pills=Cerca+a+colegios&n_pg=6&n_pos=20,2026-05-18,barranco,urbania,904500.0,270000.0,450.0,100,3.0,2.0,2.0,Avenida San Martín 345,Lima,Barranco,1,Departamento · 100m² · 3 Dormitorios · 2 Estacionamientos
149441929,https://urbania.pe/inmueble/clasificado/veclapin-venta-de-departamento-en-barranco-lima-3-dormitorios-149441929?n_src=Listado&n_pills=Gimnasio&n_pg=6&n_pos=21,2026-05-18,barranco,urbania,741750.0,215000.0,,95,3.0,2.0,1.0,Avenida Almirante Miguel Grau 1438,Lima,Barranco,1,Departamento · 95m² · 3 Dormitorios · 1 Estacionamiento
149416522,https://urbania.pe/inmueble/clasificado/veclapin-venta-de-departamento-en-barranco-lima-2-dormitorios-149416522?n_src=Listado&n_pills=Guardian%C3%ADa%2FSeguridad+privada&n_pg=6&n_pos=22,2026-05-18,barranco,urbania,897000.0,260000.0,580.0,93,2.0,2.0,1.0,Jirón Tacna,Lima,Barranco,1,Departamento · 93m² · 2 Dormitorios · 1 Estacionamiento
146785792,https://urbania.pe/inmueble/clasificado/veclapin-venta-de-departamento-en-barranco-lima-2-dormitorios-146785792?n_src=Listado&n_pills=Seguridad&n_pg=6&n_pos=23,2026-05-18,barranco,urbania,610000.0,180000.0,340.0,111,2.0,1.0,1.0,Jr. Perez Roca 150,Lima,Barranco,1,Departamento · 111m² · 2 Dormitorios · 1 Estacionamiento
149536494,https://urbania.pe/inmueble/clasificado/veclappa-venta-de-departamento-en-barranco-lima-1-dormitorio-149536494?n_src=Listado&n_pills=%C3%81rea+de+lavander%C3%ADa&n_pg=6&n_pos=24,2026-05-18,barranco,urbania,476000.0,136000.0,200.0,45,1.0,1.0,1.0,Miguel Grau 1430,Lima,Barranco,1,Departamento · 45m² · 1 Dormitorio · 1 Estacionamiento
149013349,https://urbania.pe/inmueble/clasificado/veclapin-venta-de-departamento-en-barranco-lima-3-dormitorios-149013349?n_src=Listado&n_pills=Gimnasio&n_pg=6&n_pos=25,2026-05-18,barranco,urbania,686100.0,204805.0,,74,3.0,2.0,,Flat de Lujo,Lima,Barranco,1,Departamento · 74m² · 3 Dormitorios
146252367,https://urbania.pe/inmueble/clasificado/veclapin-venta-de-departamento-en-barranco-lima-2-dormitorios-146252367?n_src=Listado&n_pills=Parrilla&n_pg=6&n_pos=26,2026-05-18,barranco,urbania,1128500.0,305000.0,500.0,157,2.0,3.0,,Dulanto,Lima,Barranco,1,Departamento · 136m² · 2 Dormitorios
147879979,https://urbania.pe/inmueble/clasificado/veclapin-venta-de-departamento-en-barranco-lima-1-dormitorio-147879979?n_src=Listado&n_pills=Parrilla&n_pg=6&n_pos=27,2026-05-18,barranco,urbania,287000.0,80000.0,172.0,45,1.0,1.0,1.0,AV. REPUBLICA DE PANAMA 348,Lima,Barranco,1,Departamento · 45m² · 1 Dormitorio · 1 Estacionamiento
148742020,https://urbania.pe/inmueble/clasificado/veclapin-venta-de-departamento-en-barranco-lima-4-dormitorios-148742020?n_src=Listado&n_pills=Cuartos+de+servicio&n_pg=6&n_pos=28,2026-05-18,barranco,urbania,2031120.0,585000.0,300.0,243,4.0,4.0,1.0,Parque Gonzáles Prada 179,Lima,Barranco,1,Departamento · 270m² · 4 Dormitorios · 1 Estacionamiento
149560661,https://urbania.pe/inmueble/clasificado/veclapin-venta-de-departamento-en-barranco-lima-1-dormitorio-149560661?n_src=Listado&n_pills=Piscina&n_pg=6&n_pos=29,2026-05-18,barranco,urbania,479500.0,137000.0,,50,1.0,1.0,,Av Sol Oeste 145,Lima,Barranco,1,Departamento · 50m² · 1 Dormitorio
145930043,https://urbania.pe/inmueble/clasificado/veclapin-venta-de-departamento-en-barranco-lima-3-dormitorios-145930043?n_src=Listado&n_pills=Gimnasio&n_pg=6&n_pos=30,2026-05-18,barranco,urbania,933612.0,274592.0,,125,3.0,2.0,,Jr. 2 de Mayo 155 Barranco,Lima,Barranco,1,Departamento · 125m² · 3 Dormitorios
149008941,https://urbania.pe/inmueble/clasificado/veclapin-venta-de-departamento-en-barranco-lima-1-dormitorio-149008941?n_src=Listado&n_pills=Parrilla&n_pg=7&n_pos=1,2026-05-18,barranco,urbania,442000.0,130000.0,250.0,52,1.0,1.0,1.0,Av. el Sol Este 428,Lima,Barranco,10,Departamento · 52m² · 1 Dormitorio · 1 Estacionamiento
148940942,https://urbania.pe/inmueble/clasificado/veclapin-venta-de-departamento-en-barranco-lima-3-dormitorios-148940942?n_src=Listado&n_pills=Gimnasio&n_pg=7&n_pos=2,2026-05-18,barranco,urbania,1028000.0,307000.0,480.0,110,3.0,2.0,1.0,Jirón Juan Fanning 109 esuina Av Grau,Lima,Barranco,10,Departamento · 110m² · 3 Dormitorios · 1 Estacionamiento
149640107,https://urbania.pe/inmueble/clasificado/veclapin-venta-de-departamento-en-barranco-lima-1-dormitorio-149640107?n_src=Listado&n_pills=Guardian%C3%ADa%2FSeguridad+privada&n_pg=7&n_pos=3,2026-05-18,barranco,urbania,447160.0,129000.0,,51,1.0,1.0,,Malecón Paúl Harris,Lima,Barranco,10,Departamento · 51m² · 1 Dormitorio
59531299,https://urbania.pe/inmueble/clasificado/veclapin-venta-de-departamento-en-confraternidad-barranco-1-dormitorio-59531299?n_src=Listado&n_pills=Cerca+a+colegios&n_pg=7&n_pos=4,2026-05-18,barranco,urbania,465800.0,137000.0,180.0,37,1.0,1.0,,Av Sol Oeste Cuadra 4,Barranco,Confraternidad,1,Departamento · 37m² · 1 Dormitorio
148724891,https://urbania.pe/inmueble/clasificado/veclapin-venta-de-departamento-en-barranco-lima-2-dormitorios-148724891?n_src=Listado&n_pills=%C3%81rea+de+lavander%C3%ADa&n_pg=7&n_pos=5,2026-05-18,barranco,urbania,499000.0,147000.0,,51,2.0,1.0,1.0,Jirón Pedro Martinto,Lima,Barranco,1,Departamento · 51m² · 2 Dormitorios · 1 Estacionamiento
148449321,https://urbania.pe/inmueble/clasificado/veclapin-venta-de-departamento-en-barranco-lima-2-dormitorios-148449321?n_src=Listado&n_pills=Parrilla&n_pg=7&n_pos=6,2026-05-18,barranco,urbania,532650.0,159000.0,430.0,62,2.0,2.0,1.0,Jirón Teodosio Parreño 260,Lima,Barranco,1,Departamento · 62m² · 2 Dormitorios · 1 Estacionamiento
149866499,https://urbania.pe/inmueble/clasificado/veclapin-venta-de-departamento-en-barranco-lima-1-dormitorio-149866499?n_src=Listado&n_pills=Guardian%C3%ADa%2FSeguridad+privada&n_pg=7&n_pos=7,2026-05-18,barranco,urbania,700000.0,200000.0,,87,1.0,1.0,1.0,Jirón Centenario 129,Lima,Barranco,1,Departamento · 87m² · 1 Dormitorio · 1 Estacionamiento
147618095,https://urbania.pe/inmueble/clasificado/veclapin-venta-de-departamento-en-barranco-lima-2-dormitorios-147618095?n_src=Listado&n_pills=%C3%81rea+de+lavander%C3%ADa&n_pg=7&n_pos=8,2026-05-18,barranco,urbania,821500.0,234714.0,,95,2.0,2.0,1.0,Límite Barranco y Miraflores,Lima,Barranco,1,Departamento · 95m² · 2 Dormitorios · 1 Estacionamiento
145086881,https://urbania.pe/inmueble/clasificado/veclapin-venta-de-departamento-en-barranco-lima-3-dormitorios-145086881?n_src=Listado&n_pills=Seguridad&n_pg=7&n_pos=9,2026-05-18,barranco,urbania,5192500.0,1550000.0,,560,3.0,4.0,3.0,MALECON PAUL HARRIS 2,Lima,Barranco,1,Departamento · 344m² · 3 Dormitorios · 3 Estacionamientos
149874522,https://urbania.pe/inmueble/clasificado/veclapin-venta-de-departamento-en-barranco-lima-1-dormitorio-149874522?n_src=Listado&n_pills=Gimnasio&n_pg=7&n_pos=10,2026-05-18,barranco,urbania,410000.0,116000.0,169.0,38,1.0,1.0,,Avenida Grau 1438 Barranco,Lima,Barranco,1,Departamento · 38ha · 1 Dormitorio
149814482,https://urbania.pe/inmueble/clasificado/veclapin-venta-de-departamento-en-barranco-lima-4-dormitorios-149814482?n_src=Listado&n_pills=%C3%81rea+de+lavander%C3%ADa&n_pg=7&n_pos=11,2026-05-18,barranco,urbania,4488000.0,1320000.0,,405,4.0,4.0,3.0,"Malecón Castilla N 1xx, Piso 4, Barranco.",Lima,Barranco,1,Departamento · 405m² · 4 Dormitorios · 3 Estacionamientos
146565729,https://urbania.pe/inmueble/clasificado/veclapin-venta-de-departamento-en-barranco-lima-2-dormitorios-146565729?n_src=Listado&n_pills=Piscina&n_pg=7&n_pos=12,2026-05-18,barranco,urbania,581370.0,,,57,2.0,2.0,,Av. Almirante Miguel Grau,Lima,Barranco,1,Departamento · 57m² · 2 Dormitorios
149290898,https://urbania.pe/inmueble/clasificado/veclapin-venta-de-departamento-en-barranco-lima-1-dormitorio-149290898?n_src=Listado&n_pills=Piscina&n_pg=7&n_pos=13,2026-05-18,barranco,urbania,424732.0,,,40,1.0,1.0,,Avenida San Martín,Lima,Barranco,1,Departamento · 40m² · 1 Dormitorio
149364944,https://urbania.pe/inmueble/clasificado/veclapin-venta-de-departamento-en-barranco-lima-2-dormitorios-149364944?n_src=Listado&n_pills=Cuartos+de+servicio&n_pg=7&n_pos=14,2026-05-18,barranco,urbania,969000.0,285000.0,,112,2.0,2.0,1.0,"Calle Juan Fanning N Xxx, Piso 2, Barranco.",Lima,Barranco,1,Departamento · 112m² · 2 Dormitorios · 1 Estacionamiento
148422860,https://urbania.pe/inmueble/clasificado/veclapin-venta-de-departamento-en-barranco-lima-1-dormitorio-148422860?n_src=Listado&n_pills=Parrilla&n_pg=7&n_pos=15,2026-05-18,barranco,urbania,461984.0,,,41,1.0,1.0,,"Av Grau N° 10xx, Dpto. 303 AL 1303",Lima,Barranco,1,Departamento · 41m² · 1 Dormitorio
148736408,https://urbania.pe/inmueble/clasificado/veclapin-venta-de-departamento-en-barranco-lima-2-dormitorios-148736408?n_src=Listado&n_pills=Gimnasio&n_pg=7&n_pos=16,2026-05-18,barranco,urbania,760450.0,227910.0,,127,2.0,2.0,2.0,"Jirón 2 de Mayo N 1, Piso 1, Barranco",Lima,Barranco,1,Departamento · 127m² · 2 Dormitorios · 2 Estacionamientos
149481641,https://urbania.pe/inmueble/clasificado/veclapin-venta-de-departamento-en-barranco-lima-3-dormitorios-149481641?n_src=Listado&n_pills=Piscina&n_pg=7&n_pos=17,2026-05-18,barranco,urbania,672600.0,195523.0,,72,3.0,2.0,,Barranco al 400,Lima,Barranco,1,Departamento · 72m² · 3 Dormitorios
148117866,https://urbania.pe/inmueble/clasificado/veclapin-venta-de-departamento-en-barranco-lima-1-dormitorio-148117866?n_src=Listado&n_pills=Parrilla&n_pg=7&n_pos=18,2026-05-18,barranco,urbania,378000.0,112166.0,,40,1.0,,,mimosas barranco,Lima,Barranco,1,Departamento · 40m² · 1 Dormitorio
146565534,https://urbania.pe/inmueble/clasificado/veclapin-venta-de-departamento-en-barranco-lima-2-dormitorios-146565534?n_src=Listado&n_pills=Piscina&n_pg=7&n_pos=19,2026-05-18,barranco,urbania,489221.0,,,54,2.0,2.0,,Av. Almirante Miguel Grau 1020,Lima,Barranco,1,Departamento · 54m² · 2 Dormitorios
146268281,https://urbania.pe/inmueble/clasificado/veclapin-venta-de-departamento-en-barranco-lima-2-dormitorios-146268281?n_src=Listado&n_pills=Seguridad&n_pg=7&n_pos=20,2026-05-18,barranco,urbania,720720.0,198000.0,400.0,95,2.0,2.0,1.0,Psj. Rospigliosi,Lima,Barranco,1,Departamento · 95m² · 2 Dormitorios · 1 Estacionamiento
149245842,https://urbania.pe/inmueble/clasificado/veclapin-venta-de-departamento-en-barranco-lima-1-dormitorio-149245842?n_src=Listado&n_pills=Jard%C3%ADn&n_pg=7&n_pos=21,2026-05-18,barranco,urbania,697000.0,205000.0,,59,1.0,1.0,1.0,"Jirón Pedro Solar N 1, Piso 2, Barranco",Lima,Barranco,1,Departamento · 59m² · 1 Dormitorio · 1 Estacionamiento
148214205,https://urbania.pe/inmueble/clasificado/veclapin-venta-de-departamento-en-tejadita-barranco-2-dormitorios-148214205?n_src=Listado&n_pills=Guardian%C3%ADa%2FSeguridad+privada&n_pg=7&n_pos=22,2026-05-18,barranco,urbania,1008651.0,280181.0,,127,2.0,2.0,,Jr. 2 de Mayo,Barranco,Tejadita,1,Departamento · 82m² · 2 Dormitorios
149874540,https://urbania.pe/inmueble/clasificado/veclapin-venta-de-departamento-en-barranco-lima-3-dormitorios-149874540?n_src=Listado&n_pills=%C3%81rea+de+lavander%C3%ADa&n_pg=7&n_pos=23,2026-05-18,barranco,urbania,1184102.0,333550.0,,124,3.0,3.0,,"Jirón 2 de Mayo 150, Barranco",Lima,Barranco,1,Departamento · 124ha · 3 Dormitorios
149815564,https://urbania.pe/inmueble/clasificado/veclapin-venta-de-departamento-en-barranco-lima-3-dormitorios-149815564?n_src=Listado&n_pills=Guardian%C3%ADa%2FSeguridad+privada&n_pg=7&n_pos=24,2026-05-18,barranco,urbania,4101080.0,1206200.0,,342,3.0,3.0,2.0,"Malecón Castilla N 1xx, Piso 9, Barranco.",Lima,Barranco,1,Departamento · 342m² · 3 Dormitorios · 2 Estacionamientos
149874694,https://urbania.pe/inmueble/clasificado/veclapin-venta-de-departamento-en-barranco-lima-2-dormitorios-149874694?n_src=Listado&n_pills=Gimnasio&n_pg=7&n_pos=25,2026-05-18,barranco,urbania,499770.0,,300.0,59,2.0,2.0,1.0,Av. El Sol 550,Lima,Barranco,1,Departamento · 59ha · 2 Dormitorios · 1 Estacionamiento
149149992,https://urbania.pe/inmueble/clasificado/veclapin-venta-de-departamento-en-barranco-lima-1-dormitorio-149149992?n_src=Listado&n_pills=Guardian%C3%ADa%2FSeguridad+privada&n_pg=7&n_pos=26,2026-05-18,barranco,urbania,554500.0,,,59,1.0,2.0,1.0,"Jirón Carlos Arrieta N° 3xx, Dpto. 201 AL 1001",Lima,Barranco,1,Departamento · 59m² · 1 Dormitorio · 1 Estacionamiento
148186713,https://urbania.pe/inmueble/clasificado/veclapin-venta-de-departamento-en-barranco-lima-3-dormitorios-148186713?n_src=Listado&n_pills=Guardian%C3%ADa%2FSeguridad+privada&n_pg=7&n_pos=27,2026-05-18,barranco,urbania,741200.0,218000.0,500.0,83,3.0,2.0,1.0,jiron TEODOCIO PARREÑO 268 URB SILVIO CABILLO BARRANCO,Lima,Barranco,1,Departamento · 83m² · 3 Dormitorios · 1 Estacionamiento
148987652,https://urbania.pe/inmueble/clasificado/veclapin-venta-de-departamento-en-barranco-lima-4-dormitorios-148987652?n_src=Listado&n_pills=Jard%C3%ADn&n_pg=7&n_pos=28,2026-05-18,barranco,urbania,1972000.0,580000.0,,220,4.0,3.0,2.0,"Calle Gonzales Prada N 1, Piso 6, Barranco",Lima,Barranco,1,Departamento · 220m² · 4 Dormitorios · 2 Estacionamientos
147563498,https://urbania.pe/inmueble/clasificado/veclapin-venta-de-departamento-en-tejadita-barranco-2-dormitorios-147563498?n_src=Listado&n_pills=Gimnasio&n_pg=7&n_pos=29,2026-05-18,barranco,urbania,803099.0,223083.0,,83,2.0,2.0,,"Jr. 2 de Mayo Xxx, Dpto 206",Barranco,Tejadita,1,Departamento · 83m² · 2 Dormitorios
146018330,https://urbania.pe/inmueble/clasificado/veclapin-venta-de-departamento-en-barranco-lima-2-dormitorios-146018330?n_src=Listado&n_pills=Seguridad&n_pg=7&n_pos=30,2026-05-18,barranco,urbania,716219.0,212528.0,,111,2.0,2.0,,"Jirón 2 DE Mayo N° 1xx, Dpto. 103",Lima,Barranco,1,Departamento · 83m² · 2 Dormitorios
143173612,https://urbania.pe/inmueble/clasificado/veclapin-venta-de-departamento-en-barranco-lima-1-dormitorio-143173612?n_src=Listado&n_pills=Seguridad&n_pg=8&n_pos=1,2026-05-18,barranco,urbania,383847.0,,,39,1.0,1.0,1.0,"Av EL SOL N° 5xx, Dpto. 302 AL 2102",Lima,Barranco,10,Departamento · 39m² · 1 Dormitorio · 1 Estacionamiento
149369202,https://urbania.pe/inmueble/clasificado/veclapin-venta-de-departamento-en-barranco-lima-1-dormitorio-149369202?n_src=Listado&n_pills=Guardian%C3%ADa%2FSeguridad+privada&n_pg=8&n_pos=2,2026-05-18,barranco,urbania,359102.0,105618.0,,41,1.0,1.0,,Avenida El Sol  Este  al 500,Lima,Barranco,10,Departamento · 41m² · 1 Dormitorio
146733931,https://urbania.pe/inmueble/clasificado/veclapin-venta-de-departamento-en-barranco-lima-3-dormitorios-146733931?n_src=Listado&n_pills=Guardian%C3%ADa%2FSeguridad+privada&n_pg=8&n_pos=3,2026-05-18,barranco,urbania,6370000.0,1750000.0,2656.0,615,3.0,3.0,4.0,Malecon Bresciani,Lima,Barranco,10,Departamento · 395m² · 3 Dormitorios · 4 Estacionamientos
90270875,https://urbania.pe/inmueble/clasificado/veclapin-venta-de-departamento-en-barranco-lima-3-dormitorios-90270875?n_src=Listado&n_pills=%C3%81rea+de+lavander%C3%ADa&n_pg=8&n_pos=4,2026-05-18,barranco,urbania,791250.0,211000.0,380.0,127,3.0,4.0,1.0,Calle Juan Fanning,Lima,Barranco,1,Departamento · 101m² · 3 Dormitorios · 1 Estacionamiento
149874539,https://urbania.pe/inmueble/clasificado/veclapin-venta-de-departamento-en-barranco-lima-2-dormitorios-149874539?n_src=Listado&n_pills=Gimnasio&n_pg=8&n_pos=5,2026-05-18,barranco,urbania,788455.0,222100.0,,81,2.0,2.0,,"Jirón 2 de Mayo 150, Barranco",Lima,Barranco,1,Departamento · 83ha · 2 Dormitorios
148287487,https://urbania.pe/inmueble/clasificado/veclapin-venta-de-departamento-en-barranco-lima-2-dormitorios-148287487?n_src=Listado&n_pills=Gimnasio&n_pg=8&n_pos=6,2026-05-18,barranco,urbania,635208.0,186826.0,,85,2.0,2.0,,Jirón 2 de Mayo al 100,Lima,Barranco,1,Departamento · 85m² · 2 Dormitorios
149552867,https://urbania.pe/inmueble/clasificado/veclapin-venta-de-departamento-en-barranco-lima-1-dormitorio-149552867?n_src=Listado&n_pills=Seguridad&n_pg=8&n_pos=7,2026-05-18,barranco,urbania,401059.0,117958.0,,40,1.0,1.0,,"Vive Barranco con Rooftop, Áreas Comunes de Primer Nivel",Lima,Barranco,1,Departamento · 40m² · 1 Dormitorio
143173637,https://urbania.pe/inmueble/clasificado/veclapin-venta-de-departamento-en-barranco-lima-1-dormitorio-143173637?n_src=Listado&n_pills=Jard%C3%ADn&n_pg=8&n_pos=8,2026-05-18,barranco,urbania,251677.0,,,24,1.0,1.0,1.0,"Av EL SOL N° 5xx, Dpto. 208 AL 408",Lima,Barranco,1,Departamento · 24m² · 1 Dormitorio · 1 Estacionamiento
4593033,https://urbania.pe/inmueble/clasificado/veclapin-venta-de-departamento-en-barranco-lima-2-dormitorios-4593033?n_src=Listado&n_pills=%C3%81rea+de+lavander%C3%ADa&n_pg=8&n_pos=9,2026-05-18,barranco,urbania,893000.0,235000.0,390.0,131,2.0,2.0,1.0,Calle Tacna,Lima,Barranco,1,Departamento · 131m² · 2 Dormitorios · 1 Estacionamiento
148854793,https://urbania.pe/inmueble/clasificado/veclapin-venta-de-departamento-en-barranco-lima-3-dormitorios-148854793?n_src=Listado&n_pills=%C3%81rea+de+lavander%C3%ADa&n_pg=8&n_pos=10,2026-05-18,barranco,urbania,2484000.0,720000.0,1265.0,300,3.0,3.0,3.0,PAUL HARRIS,Lima,Barranco,1,Departamento · 300m² · 3 Dormitorios · 3 Estacionamientos
148879336,https://urbania.pe/inmueble/clasificado/veclapin-venta-de-departamento-en-barranco-lima-3-dormitorios-148879336?n_src=Listado&n_pills=Guardian%C3%ADa%2FSeguridad+privada&n_pg=8&n_pos=11,2026-05-18,barranco,urbania,1156155.0,,,84,3.0,2.0,1.0,"Malecón Paul Harris N° 3xx, Dpto. 202",Lima,Barranco,1,Departamento · 84m² · 3 Dormitorios · 1 Estacionamiento
148422877,https://urbania.pe/inmueble/clasificado/veclapin-venta-de-departamento-en-barranco-lima-1-dormitorio-148422877?n_src=Listado&n_pills=Guardian%C3%ADa%2FSeguridad+privada&n_pg=8&n_pos=12,2026-05-18,barranco,urbania,449708.0,,,43,1.0,1.0,,"Av Grau N° 10xx, Dpto. 201 AL 2201",Lima,Barranco,1,Departamento · 43m² · 1 Dormitorio
147076883,https://urbania.pe/inmueble/clasificado/veclapin-venta-de-departamento-en-barranco-lima-2-dormitorios-147076883?n_src=Listado&n_pills=Guardian%C3%ADa%2FSeguridad+privada&n_pg=8&n_pos=13,2026-05-18,barranco,urbania,663957.0,186504.0,,59,2.0,2.0,,jr carlos arrieta 380,Lima,Barranco,1,Departamento · 59m² · 2 Dormitorios
143173630,https://urbania.pe/inmueble/clasificado/veclapin-venta-de-departamento-en-barranco-lima-2-dormitorios-143173630?n_src=Listado&n_pills=Seguridad&n_pg=8&n_pos=14,2026-05-18,barranco,urbania,524049.0,,,59,2.0,2.0,1.0,"Av EL SOL N° 5xx, Dpto. 1301 AL 2101",Lima,Barranco,1,Departamento · 59m² · 2 Dormitorios · 1 Estacionamiento
145190431,https://urbania.pe/inmueble/clasificado/veclapin-venta-de-departamento-en-barranco-lima-1-dormitorio-145190431?n_src=Listado&n_pills=Guardian%C3%ADa%2FSeguridad+privada&n_pg=8&n_pos=15,2026-05-18,barranco,urbania,439200.0,120000.0,,41,1.0,1.0,,Enrique Barron 865,Lima,Barranco,1,Departamento · 41m² · 1 Dormitorio
149451368,https://urbania.pe/inmueble/clasificado/veclapin-venta-de-departamento-en-barranco-lima-1-dormitorio-149451368?n_src=Listado&n_pills=Guardian%C3%ADa%2FSeguridad+privada&n_pg=8&n_pos=16,2026-05-18,barranco,urbania,496400.0,146000.0,,35,1.0,1.0,1.0,"Jirón Carlos Arrieta N 1xx, Piso 2, Barranco.",Lima,Barranco,1,Departamento · 35m² · 1 Dormitorio · 1 Estacionamiento
148424100,https://urbania.pe/inmueble/clasificado/veclapin-venta-de-departamento-en-barranco-lima-2-dormitorios-148424100?n_src=Listado&n_pills=Seguridad&n_pg=8&n_pos=17,2026-05-18,barranco,urbania,590317.0,,,82,2.0,2.0,,"Av Grau N° 10xx, Dpto. 103",Lima,Barranco,1,Departamento · 56m² · 2 Dormitorios
149144405,https://urbania.pe/inmueble/clasificado/veclapin-venta-de-departamento-en-barranco-lima-2-dormitorios-149144405?n_src=Listado&n_pills=Gimnasio&n_pg=8&n_pos=18,2026-05-18,barranco,urbania,669500.0,199850.0,,72,2.0,2.0,1.0,Jr. Carlos Arrieta - Departamento en Venta - A 5 Minutos de la Bajada Armendariz,Lima,Barranco,1,Departamento · 72m² · 2 Dormitorios · 1 Estacionamiento
149369291,https://urbania.pe/inmueble/clasificado/veclapin-venta-de-departamento-en-barranco-lima-2-dormitorios-149369291?n_src=Listado&n_pills=Guardian%C3%ADa%2FSeguridad+privada&n_pg=8&n_pos=19,2026-05-18,barranco,urbania,524049.0,154132.0,,58,2.0,2.0,,Avenida El Sol Este al 500,Lima,Barranco,1,Departamento · 58m² · 2 Dormitorios
149776306,https://urbania.pe/inmueble/clasificado/veclapin-venta-de-departamento-en-barranco-lima-3-dormitorios-149776306?n_src=Listado&n_pills=Guardian%C3%ADa%2FSeguridad+privada&n_pg=8&n_pos=20,2026-05-18,barranco,urbania,624710.0,179000.0,300.0,125,3.0,3.0,,Av. Paseo de la República 6465,Lima,Barranco,1,Departamento · 125m² · 3 Dormitorios
148062778,https://urbania.pe/inmueble/clasificado/veclapin-venta-de-departamento-en-barranco-lima-2-dormitorios-148062778?n_src=Listado&n_pills=Guardian%C3%ADa%2FSeguridad+privada&n_pg=8&n_pos=21,2026-05-18,barranco,urbania,639626.0,189800.0,760.0,95,2.0,2.0,1.0,Jiron Carlos Arrieta  al 200,Lima,Barranco,1,Departamento · 95m² · 2 Dormitorios · 1 Estacionamiento
149448617,https://urbania.pe/inmueble/clasificado/veclapin-venta-de-departamento-en-barranco-lima-1-dormitorio-149448617?n_src=Listado&n_pills=Guardian%C3%ADa%2FSeguridad+privada&n_pg=8&n_pos=22,2026-05-18,barranco,urbania,486200.0,143000.0,,52,1.0,1.0,1.0,"Avenida San Martín N Xxx, Piso 107, Barranco.",Lima,Barranco,1,Departamento · 52m² · 1 Dormitorio · 1 Estacionamiento
148423057,https://urbania.pe/inmueble/clasificado/veclapin-venta-de-departamento-en-barranco-lima-2-dormitorios-148423057?n_src=Listado&n_pills=Seguridad&n_pg=8&n_pos=23,2026-05-18,barranco,urbania,608665.0,,,57,2.0,2.0,,"Av Grau N° 10xx, Dpto. 406 AL 2206",Lima,Barranco,1,Departamento · 57m² · 2 Dormitorios
149108382,https://urbania.pe/inmueble/clasificado/veclapin-venta-de-departamento-en-barranco-lima-2-dormitorios-149108382?n_src=Listado&n_pills=Jard%C3%ADn&n_pg=8&n_pos=24,2026-05-18,barranco,urbania,902825.0,269500.0,,123,2.0,3.0,2.0,"Jirón Carlos Arrieta N 2, Piso 3, Urb. La Viñita, Barranco",Lima,Barranco,1,Departamento · 123m² · 2 Dormitorios · 2 Estacionamientos
90271227,https://urbania.pe/inmueble/clasificado/veclapin-venta-de-departamento-en-barranco-lima-2-dormitorios-90271227?n_src=Listado&n_pills=Piscina&n_pg=8&n_pos=25,2026-05-18,barranco,urbania,993750.0,265000.0,550.0,158,2.0,2.0,2.0,Av. San Martín,Lima,Barranco,1,Departamento · 128m² · 2 Dormitorios · 2 Estacionamientos
149276729,https://urbania.pe/inmueble/clasificado/veclapin-venta-de-departamento-en-barranco-lima-2-dormitorios-149276729?n_src=Listado&n_pills=Parrilla&n_pg=8&n_pos=26,2026-05-18,barranco,urbania,385000.0,,300.0,77,2.0,2.0,,Jirón Tejada al 100,Lima,Barranco,1,Departamento · 62m² · 2 Dormitorios
149743843,https://urbania.pe/inmueble/clasificado/veclapin-venta-de-departamento-en-barranco-lima-1-dormitorio-149743843?n_src=Listado&n_pills=Seguridad&n_pg=8&n_pos=27,2026-05-18,barranco,urbania,478485.0,139500.0,,46,1.0,1.0,1.0,Av. Malecón Costa Sur - Chorrillos - Límite con Barranco,Lima,Barranco,1,Departamento · 46m² · 1 Dormitorio · 1 Estacionamiento
148738275,https://urbania.pe/inmueble/clasificado/veclapin-venta-de-departamento-en-barranco-lima-3-dormitorios-148738275?n_src=Listado&n_pills=Parrilla&n_pg=8&n_pos=28,2026-05-18,barranco,urbania,1285815.0,372700.0,,146,3.0,2.0,,Malecón Costa Sur- Vista al mar  Chorrillos,Lima,Barranco,1,Departamento · 146m² · 3 Dormitorios
146776571,https://urbania.pe/inmueble/clasificado/veclapin-venta-de-departamento-en-barranco-lima-1-dormitorio-146776571?n_src=Listado&n_pills=%C3%81rea+de+lavander%C3%ADa&n_pg=8&n_pos=29,2026-05-18,barranco,urbania,943500.0,255000.0,,89,1.0,1.0,,Av. San Martin 755,Lima,Barranco,1,Departamento · 80m² · 1 Dormitorio
146007021,https://urbania.pe/inmueble/clasificado/veclapin-venta-de-departamento-en-barranco-lima-2-dormitorios-146007021?n_src=Listado&n_pills=Cerca+a+colegios&n_pg=8&n_pos=30,2026-05-18,barranco,urbania,696218.0,204770.0,499.0,83,2.0,2.0,,AVENIDA PEDRO DE OSMA,Lima,Barranco,1,Departamento · 83m² · 2 Dormitorios
149651445,https://urbania.pe/inmueble/clasificado/veclapin-venta-de-departamento-en-barranco-lima-2-dormitorios-149651445?n_src=Listado&n_pills=Gimnasio&n_pg=9&n_pos=1,2026-05-18,barranco,urbania,624600.0,180000.0,350.0,62,2.0,2.0,1.0,Av el sol Oeste  161,Lima,Barranco,10,Departamento · 62m² · 2 Dormitorios · 1 Estacionamiento
146134882,https://urbania.pe/inmueble/clasificado/veclapin-venta-de-departamento-en-barranco-lima-2-dormitorios-146134882?n_src=Listado&n_pills=Guardian%C3%ADa%2FSeguridad+privada&n_pg=9&n_pos=2,2026-05-18,barranco,urbania,675500.0,197500.0,,75,2.0,2.0,,Manuel Gonzales Prada - Venta de Departamento Ubicado en Barranco Frente a Parque,Lima,Barranco,10,Departamento · 75m² · 2 Dormitorios
143173633,https://urbania.pe/inmueble/clasificado/veclapin-venta-de-departamento-en-barranco-lima-1-dormitorio-143173633?n_src=Listado&n_pills=Jard%C3%ADn&n_pg=9&n_pos=3,2026-05-18,barranco,urbania,329847.0,,,38,1.0,1.0,1.0,"Av EL SOL N° 5xx, Dpto. 304 AL 604",Lima,Barranco,10,Departamento · 38m² · 1 Dormitorio · 1 Estacionamiento
149634972,https://urbania.pe/inmueble/clasificado/veclapin-venta-de-departamento-en-barranco-lima-3-dormitorios-149634972?n_src=Listado&n_pills=Seguridad&n_pg=9&n_pos=4,2026-05-18,barranco,urbania,5300000.0,1550000.0,720.0,560,3.0,4.0,2.0,Puente de la Paz,Lima,Barranco,1,Departamento · 560m² · 3 Dormitorios · 2 Estacionamientos
149091122,https://urbania.pe/inmueble/clasificado/veclapin-venta-de-departamento-en-barranco-lima-2-dormitorios-149091122?n_src=Listado&n_pills=Gimnasio&n_pg=9&n_pos=5,2026-05-18,barranco,urbania,502399.0,,,59,2.0,2.0,,Av. El Sol al 500,Lima,Barranco,1,Departamento · 59m² · 2 Dormitorios
145171792,https://urbania.pe/inmueble/clasificado/veclapin-venta-de-departamento-en-barranco-lima-3-dormitorios-145171792?n_src=Listado&n_pills=Cuartos+de+servicio&n_pg=9&n_pos=6,2026-05-18,barranco,urbania,6460000.0,1700000.0,1800.0,560,3.0,4.0,3.0,Malecón Paul Harris,Lima,Barranco,1,Departamento · 350m² · 3 Dormitorios · 3 Estacionamientos
148879325,https://urbania.pe/inmueble/clasificado/veclapin-venta-de-departamento-en-barranco-lima-3-dormitorios-148879325?n_src=Listado&n_pills=Parrilla&n_pg=9&n_pos=7,2026-05-18,barranco,urbania,1237456.0,,,90,3.0,2.0,1.0,"Malecón Paul Harris N° 3xx, Dpto. 201 AL 401",Lima,Barranco,1,Departamento · 90m² · 3 Dormitorios · 1 Estacionamiento
149560785,https://urbania.pe/inmueble/clasificado/veclapin-venta-de-departamento-en-barranco-lima-1-dormitorio-149560785?n_src=Listado&n_pills=%C3%81rea+de+lavander%C3%ADa&n_pg=9&n_pos=8,2026-05-18,barranco,urbania,329550.0,97500.0,,54,1.0,1.0,,Jr. Pedro Heraud,Lima,Barranco,1,Departamento · 54m² · 1 Dormitorio
149273023,https://urbania.pe/inmueble/clasificado/veclapin-venta-de-departamento-en-barranco-lima-3-dormitorios-149273023?n_src=Listado&n_pills=Seguridad&n_pg=9&n_pos=9,2026-05-18,barranco,urbania,542500.0,155000.0,,92,3.0,2.0,1.0,Jirón Tejada   100,Lima,Barranco,1,Departamento · 92m² · 3 Dormitorios · 1 Estacionamiento
146768808,https://urbania.pe/inmueble/clasificado/veclapin-venta-de-departamento-en-barranco-lima-1-dormitorio-146768808?n_src=Listado&n_pills=Guardian%C3%ADa%2FSeguridad+privada&n_pg=9&n_pos=10,2026-05-18,barranco,urbania,536500.0,145000.0,1.0,38,1.0,1.0,1.0,"Av Pedro De Osma, Barranco",Lima,Barranco,1,Departamento · 38m² · 1 Dormitorio · 1 Estacionamiento
148465465,https://urbania.pe/inmueble/clasificado/veclapin-venta-de-departamento-en-barranco-lima-2-dormitorios-148465465?n_src=Listado&n_pills=Gimnasio&n_pg=9&n_pos=11,2026-05-18,barranco,urbania,715841.0,212416.0,2.0,78,2.0,3.0,,JR.2 DE MAYO,Lima,Barranco,1,Departamento · 79m² · 2 Dormitorios
4647749,https://urbania.pe/inmueble/clasificado/veclapin-venta-de-departamento-en-barranco-lima-3-dormitorios-4647749?n_src=Listado&n_pills=Gimnasio&n_pg=9&n_pos=12,2026-05-18,barranco,urbania,690000.0,197143.0,,137,3.0,3.0,1.0,Catalino Miranda,Lima,Barranco,1,Departamento · 137m² · 3 Dormitorios · 1 Estacionamiento
149610106,https://urbania.pe/inmueble/clasificado/veclapin-venta-de-departamento-en-barranco-lima-1-dormitorio-149610106?n_src=Listado&n_pills=Seguridad&n_pg=9&n_pos=13,2026-05-18,barranco,urbania,420000.0,125000.0,350.0,33,1.0,1.0,1.0,Jr. Martinez de Pinillos- A 1 Cuadra del Malecón Dpto Amoblado con Cochera y Depósito,Lima,Barranco,1,Departamento · 33m² · 1 Dormitorio · 1 Estacionamiento
149874525,https://urbania.pe/inmueble/clasificado/veclapin-venta-de-departamento-en-barranco-lima-3-dormitorios-149874525?n_src=Listado&n_pills=Parrilla&n_pg=9&n_pos=14,2026-05-18,barranco,urbania,830000.0,233000.0,350.0,98,3.0,2.0,1.0,Avenida el Sol 428,Lima,Barranco,1,Departamento · 100ha · 3 Dormitorios · 1 Estacionamiento
146556425,https://urbania.pe/inmueble/clasificado/veclapin-venta-de-departamento-en-barranco-lima-1-dormitorio-146556425?n_src=Listado&n_pills=Gimnasio&n_pg=9&n_pos=15,2026-05-18,barranco,urbania,402943.0,,,40,1.0,1.0,,Av. Almirante Miguel Grau 1020,Lima,Barranco,1,Departamento · 40m² · 1 Dormitorio
148049495,https://urbania.pe/inmueble/clasificado/veclapin-venta-de-departamento-en-barranco-lima-2-dormitorios-148049495?n_src=Listado&n_pills=Cerca+a+colegios&n_pg=9&n_pos=16,2026-05-18,barranco,urbania,696219.0,204770.0,,83,2.0,2.0,1.0,2 de Mayo,Lima,Barranco,1,Departamento · 83m² · 2 Dormitorios · 1 Estacionamiento
148357076,https://urbania.pe/inmueble/clasificado/veclapin-venta-de-departamento-en-barranco-lima-2-dormitorios-148357076?n_src=Listado&n_pills=Parrilla&n_pg=9&n_pos=17,2026-05-18,barranco,urbania,578116.0,171548.0,,54,2.0,2.0,,Pasaje Bustamante - Departamento de Estreno en Venta Frente a Parque,Lima,Barranco,1,Departamento · 52m² · 2 Dormitorios
4637609,https://urbania.pe/inmueble/clasificado/veclapin-venta-de-departamento-en-barranco-lima-1-dormitorio-4637609?n_src=Listado&n_pills=Piscina&n_pg=9&n_pos=18,2026-05-18,barranco,urbania,520819.0,140762.0,,48,1.0,1.0,1.0,El Sol Oeste,Lima,Barranco,1,Departamento · 41m² · 1 Dormitorio · 1 Estacionamiento
4052077,https://urbania.pe/inmueble/clasificado/veclapin-venta-de-departamento-en-barranco-lima-1-dormitorio-4052077?n_src=Listado&n_pills=Gimnasio&n_pg=9&n_pos=19,2026-05-18,barranco,urbania,565000.0,157000.0,280.0,36,1.0,1.0,1.0,Av. Almirante Miguel Grau,Lima,Barranco,1,Departamento · 36m² · 1 Dormitorio · 1 Estacionamiento
146009837,https://urbania.pe/inmueble/clasificado/veclapin-venta-de-departamento-en-barranco-lima-2-dormitorios-146009837?n_src=Listado&n_pills=Seguridad&n_pg=9&n_pos=20,2026-05-18,barranco,urbania,629603.0,186826.0,,85,2.0,2.0,,"Jirón 2 DE Mayo N° 1xx, Dpto. 202",Lima,Barranco,1,Departamento · 85m² · 2 Dormitorios
143173629,https://urbania.pe/inmueble/clasificado/veclapin-venta-de-departamento-en-barranco-lima-1-dormitorio-143173629?n_src=Listado&n_pills=Jard%C3%ADn&n_pg=9&n_pos=21,2026-05-18,barranco,urbania,299003.0,,,32,1.0,1.0,1.0,"Av EL SOL N° 5xx, Dpto. 104",Lima,Barranco,1,Departamento · 24m² · 1 Dormitorio · 1 Estacionamiento
148214146,https://urbania.pe/inmueble/clasificado/veclapin-venta-de-departamento-en-tejadita-barranco-3-dormitorios-148214146?n_src=Listado&n_pills=Guardian%C3%ADa%2FSeguridad+privada&n_pg=9&n_pos=22,2026-05-18,barranco,urbania,1215262.0,337573.0,,126,3.0,3.0,,Jr. 2 de Mayo xxx Dpto 407,Barranco,Tejadita,1,Departamento · 126m² · 3 Dormitorios
149629037,https://urbania.pe/inmueble/clasificado/veclapin-venta-de-departamento-en-barranco-lima-4-dormitorios-149629037?n_src=Listado&n_pills=Gimnasio&n_pg=9&n_pos=23,2026-05-18,barranco,urbania,5440000.0,1600000.0,2800.0,450,4.0,4.0,4.0,Malecón Pazos,Lima,Barranco,1,Departamento · 450m² · 4 Dormitorios · 4 Estacionamientos
143173663,https://urbania.pe/inmueble/clasificado/veclapin-venta-de-departamento-en-barranco-lima-2-dormitorios-143173663?n_src=Listado&n_pills=Seguridad&n_pg=9&n_pos=24,2026-05-18,barranco,urbania,495793.0,,,58,2.0,2.0,1.0,"Av EL SOL N° 5xx, Dpto. 305 AL 905",Lima,Barranco,1,Departamento · 58m² · 2 Dormitorios · 1 Estacionamiento
149855259,https://urbania.pe/inmueble/clasificado/veclapin-venta-de-departamento-en-barranco-lima-1-dormitorio-149855259?n_src=Listado&n_pills=%C3%81rea+de+lavander%C3%ADa&n_pg=9&n_pos=25,2026-05-18,barranco,urbania,552500.0,162500.0,301.0,44,1.0,1.0,1.0,Av. Pedro de Osma,Lima,Barranco,1,Departamento · 44m² · 1 Dormitorio · 1 Estacionamiento
149842523,https://urbania.pe/inmueble/clasificado/veclapin-venta-de-departamento-en-barranco-lima-2-dormitorios-149842523?n_src=Listado&n_pills=Parrilla&n_pg=9&n_pos=26,2026-05-18,barranco,urbania,554500.0,,,59,2.0,2.0,,Jr. Carlos Arrieta,Lima,Barranco,1,Departamento · 59m² · 2 Dormitorios
147696358,https://urbania.pe/inmueble/clasificado/veclapin-venta-de-departamento-en-barranco-lima-2-dormitorios-147696358?n_src=Listado&n_pills=%C3%81rea+de+lavander%C3%ADa&n_pg=9&n_pos=27,2026-05-18,barranco,urbania,578116.0,172052.0,,55,2.0,2.0,1.0,PSJE. BUSTAMANTE  BARRANCO,Lima,Barranco,1,Departamento · 54m² · 2 Dormitorios · 1 Estacionamiento
4513388,https://urbania.pe/inmueble/clasificado/veclapin-venta-de-departamento-en-barranco-lima-3-dormitorios-4513388?n_src=Listado&n_pills=Parrilla&n_pg=9&n_pos=28,2026-05-18,barranco,urbania,6840000.0,1800000.0,2600.0,395,3.0,3.0,4.0,bresciani 1xx,Lima,Barranco,1,Departamento · 632m² · 3 Dormitorios · 4 Estacionamientos
149874697,https://urbania.pe/inmueble/clasificado/veclapin-venta-de-departamento-en-barranco-lima-3-dormitorios-149874697?n_src=Listado&n_pills=Gimnasio&n_pg=9&n_pos=29,2026-05-18,barranco,urbania,676851.0,,300.0,82,3.0,2.0,,Av. El Sol 505,Lima,Barranco,1,Departamento · 82ha · 3 Dormitorios
149830320,https://urbania.pe/inmueble/clasificado/veclapin-venta-de-departamento-en-barranco-lima-3-dormitorios-149830320?n_src=Listado&n_pills=Gimnasio&n_pg=9&n_pos=30,2026-05-18,barranco,urbania,675129.0,195690.0,,83,3.0,2.0,,Avenida El sol Este al 500,Lima,Barranco,1,Departamento · 83m² · 3 Dormitorios
149842767,https://urbania.pe/inmueble/clasificado/veclapin-venta-de-departamento-en-barranco-lima-3-dormitorios-149842767?n_src=Listado&n_pills=Parrilla&n_pg=10&n_pos=1,2026-05-18,barranco,urbania,669500.0,,,73,3.0,2.0,,Jr. Carlos Arrieta,Lima,Barranco,10,Departamento · 73m² · 3 Dormitorios
4648446,https://urbania.pe/inmueble/clasificado/veclapin-venta-de-departamento-en-barranco-lima-1-dormitorio-4648446?n_src=Listado&n_pills=%C3%81rea+de+lavander%C3%ADa&n_pg=10&n_pos=2,2026-05-18,barranco,urbania,480000.0,,200.0,40,1.0,,,av. sol oeste,Lima,Barranco,10,Departamento · 40m² · 1 Dormitorio
149567589,https://urbania.pe/inmueble/clasificado/veclapin-venta-de-departamento-en-barranco-lima-4-dormitorios-149567589?n_src=Listado&n_pills=Frente+a+parque&n_pg=10&n_pos=3,2026-05-18,barranco,urbania,2006000.0,590000.0,380.0,270,4.0,4.0,1.0,Parque Gonzáles Prada,Lima,Barranco,10,Departamento · 243m² · 4 Dormitorios · 1 Estacionamiento
148663220,https://urbania.pe/inmueble/clasificado/veclapin-venta-de-departamento-en-barranco-lima-3-dormitorios-148663220?n_src=Listado&n_pills=Piscina&n_pg=10&n_pos=4,2026-05-18,barranco,urbania,1006600.0,,,120,3.0,3.0,,Jr Carlos Arrieta al 300,Lima,Barranco,1,Departamento · 120m² · 3 Dormitorios
148663112,https://urbania.pe/inmueble/clasificado/veclapin-venta-de-departamento-en-barranco-lima-3-dormitorios-148663112?n_src=Listado&n_pills=Gimnasio&n_pg=10&n_pos=5,2026-05-18,barranco,urbania,682900.0,,,74,3.0,2.0,,Jr Carlos Arrieta al 300,Lima,Barranco,1,Departamento · 74m² · 3 Dormitorios
149874640,https://urbania.pe/inmueble/clasificado/veclapin-venta-de-departamento-en-barranco-lima-4-dormitorios-149874640?n_src=Listado&n_pills=Jard%C3%ADn&n_pg=10&n_pos=6,2026-05-18,barranco,urbania,980000.0,240000.0,,135,4.0,3.0,1.0,Pasaje Solari Barranco,Lima,Barranco,1,Departamento · 135ha · 4 Dormitorios · 1 Estacionamiento
146768878,https://urbania.pe/inmueble/clasificado/veclapin-venta-de-departamento-en-barranco-lima-146768878?n_src=Listado&n_pills=Guardian%C3%ADa%2FSeguridad+privada&n_pg=10&n_pos=7,2026-05-18,barranco,urbania,851000.0,230000.0,250.0,60,,,,"Jiron Alfonso Ugarte, Barranco",Lima,Barranco,1,Departamento · 60m²
142612185,https://urbania.pe/inmueble/clasificado/veclapin-venta-de-departamento-en-barranco-lima-1-dormitorio-142612185?n_src=Listado&n_pills=Seguridad&n_pg=10&n_pos=8,2026-05-18,barranco,urbania,255007.0,68920.0,,24,1.0,1.0,1.0,Av. El Sol Este,Lima,Barranco,1,Departamento · 24m² · 1 Dormitorio · 1 Estacionamiento
148045066,https://urbania.pe/inmueble/clasificado/veclapin-venta-de-departamento-en-barranco-lima-2-dormitorios-148045066?n_src=Listado&n_pills=Seguridad&n_pg=10&n_pos=9,2026-05-18,barranco,urbania,610378.0,179523.0,,82,2.0,2.0,1.0,2 de Mayo,Lima,Barranco,1,Departamento · 82m² · 2 Dormitorios · 1 Estacionamiento
146768748,https://urbania.pe/inmueble/clasificado/veclapin-venta-de-departamento-en-barranco-lima-3-dormitorios-146768748?n_src=Listado&n_pills=Guardian%C3%ADa%2FSeguridad+privada&n_pg=10&n_pos=10,2026-05-18,barranco,urbania,5920000.0,1600000.0,2000.0,695,3.0,3.0,3.0,"Malecon Grau, Barranco",Lima,Barranco,1,Departamento · 695m² · 3 Dormitorios · 3 Estacionamientos
149830321,https://urbania.pe/inmueble/clasificado/veclapin-venta-de-departamento-en-barranco-lima-1-dormitorio-149830321?n_src=Listado&n_pills=Parrilla&n_pg=10&n_pos=11,2026-05-18,barranco,urbania,414000.0,120000.0,250.0,41,1.0,1.0,1.0,Av. El Sol Este 1xx,Lima,Barranco,1,Departamento · 41m² · 1 Dormitorio · 1 Estacionamiento
4674601,https://urbania.pe/inmueble/clasificado/veclapin-venta-de-departamento-en-barranco-lima-3-dormitorios-4674601?n_src=Listado&n_pills=%C3%81rea+de+lavander%C3%ADa&n_pg=10&n_pos=12,2026-05-18,barranco,urbania,6421580.0,1717000.0,1800.0,505,3.0,3.0,3.0,JIRON 28 DE JULIO 450,Lima,Barranco,1,Departamento · 505m² · 3 Dormitorios · 3 Estacionamientos
146009721,https://urbania.pe/inmueble/clasificado/veclapin-venta-de-departamento-en-barranco-lima-2-dormitorios-146009721?n_src=Listado&n_pills=Seguridad&n_pg=10&n_pos=13,2026-05-18,barranco,urbania,600287.0,178127.0,,81,2.0,2.0,,"Jirón 2 DE Mayo N° 1xx, Dpto. 313, 413",Lima,Barranco,1,Departamento · 81m² · 2 Dormitorios
149156100,https://urbania.pe/inmueble/clasificado/veclapin-venta-de-departamento-en-tejada-alta-barranco-3-dormitorios-149156100?n_src=Listado&n_pills=Seguridad&n_pg=10&n_pos=14,2026-05-18,barranco,urbania,596300.0,178000.0,25000.0,83,3.0,2.0,,Enrique Barron al 300,Barranco,Tejada Alta,1,Departamento · 83m² · 3 Dormitorios
147618154,https://urbania.pe/inmueble/clasificado/veclapin-venta-de-departamento-en-barranco-lima-2-dormitorios-147618154?n_src=Listado&n_pg=10&n_pos=15,2026-05-18,barranco,urbania,1309800.0,374229.0,,165,2.0,2.0,1.0,Límite Barranco - Miraflores,Lima,Barranco,1,Departamento · 138m² · 2 Dormitorios · 1 Estacionamiento
149508075,https://urbania.pe/inmueble/clasificado/veclapin-venta-de-departamento-en-barranco-lima-2-dormitorios-149508075?n_src=Listado&n_pills=Piscina&n_pg=10&n_pos=16,2026-05-18,barranco,urbania,554500.0,,,59,2.0,2.0,,Jr. Carlos Arrieta 380,Lima,Barranco,1,Departamento · 59m² · 2 Dormitorios
149149944,https://urbania.pe/inmueble/clasificado/veclapin-venta-de-departamento-en-barranco-lima-1-dormitorio-149149944?n_src=Listado&n_pills=Gimnasio&n_pg=10&n_pos=17,2026-05-18,barranco,urbania,552100.0,,,58,1.0,2.0,1.0,"Jirón Carlos Arrieta N° 3xx, Dpto. 304 AL 904",Lima,Barranco,1,Departamento · 58m² · 1 Dormitorio · 1 Estacionamiento
146961096,https://urbania.pe/inmueble/clasificado/veclapin-venta-de-departamento-en-barranco-lima-1-dormitorio-146961096?n_src=Listado&n_pills=%C3%81rea+de+lavander%C3%ADa&n_pg=10&n_pos=18,2026-05-18,barranco,urbania,475000.0,125000.0,200.0,42,1.0,1.0,,Av. Almirante Grau 14xx,Lima,Barranco,1,Departamento · 42m² · 1 Dormitorio
148804977,https://urbania.pe/inmueble/clasificado/veclapin-venta-de-departamento-en-barranco-lima-2-dormitorios-148804977?n_src=Listado&n_pills=Cuartos+de+servicio&n_pg=10&n_pos=19,2026-05-18,barranco,urbania,770500.0,230000.0,,75,2.0,2.0,2.0,"Avenida San Martin N 5, Piso 1, Barranco",Lima,Barranco,1,Departamento · 75m² · 2 Dormitorios · 2 Estacionamientos
146009617,https://urbania.pe/inmueble/clasificado/veclapin-venta-de-departamento-en-barranco-lima-2-dormitorios-146009617?n_src=Listado&n_pills=%C3%81rea+de+lavander%C3%ADa&n_pg=10&n_pos=20,2026-05-18,barranco,urbania,582288.0,172786.0,,79,2.0,2.0,,"Jirón 2 DE Mayo N° 1xx, Dpto. 409",Lima,Barranco,1,Departamento · 79m² · 2 Dormitorios
149302905,https://urbania.pe/inmueble/clasificado/veclapin-venta-de-departamento-en-barranco-lima-1-dormitorio-149302905?n_src=Listado&n_pills=Piscina&n_pg=10&n_pos=21,2026-05-18,barranco,urbania,448000.0,128000.0,220.0,42,1.0,1.0,,Avenida El Sol Oeste 161,Lima,Barranco,1,Departamento · 42m² · 1 Dormitorio
149362194,https://urbania.pe/inmueble/clasificado/veclapin-venta-de-departamento-en-barranco-lima-1-dormitorio-149362194?n_src=Listado&n_pills=%C3%81rea+de+lavander%C3%ADa&n_pg=10&n_pos=22,2026-05-18,barranco,urbania,449373.0,134000.0,,40,1.0,2.0,1.0,Av. Bustamante - Departamento de Estreno en Venta - A 5 Min. del Circuito de Playas,Lima,Barranco,1,Departamento · 38m² · 1 Dormitorio · 1 Estacionamiento
148044979,https://urbania.pe/inmueble/clasificado/veclapin-venta-de-departamento-en-barranco-lima-2-dormitorios-148044979?n_src=Listado&n_pills=%C3%81rea+de+lavander%C3%ADa&n_pg=10&n_pos=23,2026-05-18,barranco,urbania,716795.0,210822.0,,85,2.0,2.0,1.0,2 de Mayo,Lima,Barranco,1,Departamento · 85m² · 2 Dormitorios · 1 Estacionamiento
149472091,https://urbania.pe/inmueble/clasificado/veclapin-venta-de-departamento-en-barranco-lima-2-dormitorios-149472091?n_src=Listado&n_pills=Parrilla&n_pg=10&n_pos=24,2026-05-18,barranco,urbania,554500.0,160260.0,3.0,59,2.0,2.0,,Jr. Carlos Arrieta,Lima,Barranco,1,Departamento · 59m² · 2 Dormitorios
148975634,https://urbania.pe/inmueble/clasificado/veclapin-venta-de-departamento-en-barranco-lima-2-dormitorios-148975634?n_src=Listado&n_pills=Seguridad&n_pg=10&n_pos=25,2026-05-18,barranco,urbania,626500.0,179000.0,430.0,83,2.0,2.0,2.0,San Martín al 200,Lima,Barranco,1,Departamento · 83m² · 2 Dormitorios · 2 Estacionamientos
149150024,https://urbania.pe/inmueble/clasificado/veclapin-venta-de-departamento-en-barranco-lima-1-dormitorio-149150024?n_src=Listado&n_pills=Piscina&n_pg=10&n_pos=26,2026-05-18,barranco,urbania,669500.0,,,72,1.0,2.0,1.0,"Jirón Carlos Arrieta N° 3xx, Dpto. 202 AL 602",Lima,Barranco,1,Departamento · 72m² · 1 Dormitorio · 1 Estacionamiento
149086087,https://urbania.pe/inmueble/clasificado/veclapin-venta-de-departamento-en-barranco-lima-2-dormitorios-149086087?n_src=Listado&n_pills=Gimnasio&n_pg=10&n_pos=27,2026-05-18,barranco,urbania,621600.0,178127.0,,81,2.0,2.0,,Jr 2 de Mayo  150,Lima,Barranco,1,Departamento · 81m² · 2 Dormitorios
143173660,https://urbania.pe/inmueble/clasificado/veclapin-venta-de-departamento-en-barranco-lima-1-dormitorio-143173660?n_src=Listado&n_pills=Gimnasio&n_pg=10&n_pos=28,2026-05-18,barranco,urbania,425780.0,,,56,1.0,1.0,1.0,"Av EL SOL N° 5xx, Dpto. 102,103",Lima,Barranco,1,Departamento · 42m² · 1 Dormitorio · 1 Estacionamiento
148800457,https://urbania.pe/inmueble/clasificado/veclapin-venta-de-departamento-en-barranco-lima-1-dormitorio-148800457?n_src=Listado&n_pills=Seguridad&n_pg=10&n_pos=29,2026-05-18,barranco,urbania,485750.0,145000.0,,38,1.0,1.0,1.0,"Avenida Pedro De Osma N 3, Piso 2, Barranco",Lima,Barranco,1,Departamento · 38m² · 1 Dormitorio · 1 Estacionamiento
148209018,https://urbania.pe/inmueble/clasificado/veclapin-venta-de-departamento-en-barranco-lima-1-dormitorio-148209018?n_src=Listado&n_pills=%C3%81rea+de+lavander%C3%ADa&n_pg=10&n_pos=30,2026-05-18,barranco,urbania,465027.0,138000.0,,42,1.0,2.0,1.0,Av. Bustamante - Departamento de Estreno en Venta - A 5 Min. del Circuito de Playas,Lima,Barranco,1,Departamento · 38m² · 1 Dormitorio · 1 Estacionamiento
