listing_id,listing_url,scraping_date,district_scraped,source,price_pen,price_usd,maintenance_fee,area_total,bedrooms,bathrooms,parking_spaces,address,urbanization,district,photos_count,json_name
147842298,https://urbania.pe/inmueble/clasificado/veclapin-venta-de-departamento-en-cerros-de-camacho-santiago-de-surco-4-dormitorios-147842298?n_src=Listado&n_pills=%C3%81rea+de+lavander%C3%ADa&n_pg=1&n_pos=16,2026-05-18,santiago-de-surco,urbania,2287387.0,680000.0,2100.0,405,4.0,5.0,3.0,"Cerros de Camacho, Santiago de Surco, Santiago de Surco, Lima",Cerros De Camacho,Santiago de Surco,1,Departamento · 405m² · 4 Dormitorios · 3 Estacionamientos
148788929,https://urbania.pe/inmueble/clasificado/veclapin-venta-de-departamento-en-los-alamos-de-monterrico-santiago-de-surco-3-dormitorios-148788929?n_src=Listado&n_pills=Guardian%C3%ADa%2FSeguridad+privada&n_pg=1&n_pos=17,2026-05-18,santiago-de-surco,urbania,470400.0,140000.0,300.0,73,3.0,1.0,2.0,Calle 1,Los Alamos De Monterrico,Santiago de Surco,1,Departamento · 76m² · 3 Dormitorios · 2 Estacionamientos
149496733,https://urbania.pe/inmueble/clasificado/veclapin-venta-de-departamento-en-santiago-de-surco-lima-3-dormitorios-149496733?n_src=Listado&n_pills=Cerca+a+colegios&n_pg=1&n_pos=18,2026-05-18,santiago-de-surco,urbania,1173000.0,340000.0,600.0,205,3.0,2.0,2.0,Jirón Jacarandá 137,Santiago de Surco,Lima,1,Departamento · 205m² · 3 Dormitorios · 2 Estacionamientos
149700094,https://urbania.pe/inmueble/clasificado/veclapin-venta-de-departamento-en-alamos-santiago-de-surco-3-dormitorios-149700094?n_src=Listado&n_pills=Jard%C3%ADn&n_pg=1&n_pos=19,2026-05-18,santiago-de-surco,urbania,632000.0,185000.0,350.0,110,3.0,3.0,2.0,Jirón Giuseppe Verdi,Alamos,Santiago de Surco,1,Departamento · 110m² · 3 Dormitorios · 2 Estacionamientos
149265004,https://urbania.pe/inmueble/clasificado/veclapin-venta-de-departamento-en-santiago-de-surco-lima-3-dormitorios-149265004?n_src=Listado&n_pills=Piscina&n_pg=1&n_pos=20,2026-05-18,santiago-de-surco,urbania,875000.0,250000.0,,132,3.0,2.0,2.0,Av. Alejandro Velasco Astete 3360,Santiago de Surco,Lima,1,Departamento · 132m² · 3 Dormitorios · 2 Estacionamientos
149106112,https://urbania.pe/inmueble/clasificado/veclapin-venta-de-departamento-en-santiago-de-surco-lima-3-dormitorios-149106112?n_src=Listado&n_pills=Parrilla&n_pg=1&n_pos=21,2026-05-18,santiago-de-surco,urbania,678000.0,200000.0,358.0,135,3.0,2.0,2.0,Calle Amancaes 297  psio 2 Casuarinas Sur Surco,Santiago de Surco,Lima,1,Departamento · 135m² · 3 Dormitorios · 2 Estacionamientos
148542642,https://urbania.pe/inmueble/clasificado/veclapin-venta-de-departamento-en-santiago-de-surco-lima-2-dormitorios-148542642?n_src=Listado&n_pg=1&n_pos=22,2026-05-18,santiago-de-surco,urbania,,,,53,2.0,1.0,,"Calle Micaela Bastidas Puyucawa 365, Santiago de Surco 15056, Perú",Santiago de Surco,Lima,1,Departamento · 53m² · 2 Dormitorios
149534409,https://urbania.pe/inmueble/clasificado/veclapin-venta-de-departamento-en-club-golf-los-incas-santiago-de-surco-3-dormitorios-149534409?n_src=Listado&n_pills=Cuartos+de+servicio&n_pg=1&n_pos=23,2026-05-18,santiago-de-surco,urbania,1173000.0,345000.0,650.0,150,3.0,3.0,2.0,AV. CIRCUNVALACION EL CLUB EL GOLF LOS INCAS 148,Club Golf Los Incas,Santiago de Surco,1,Departamento · 150m² · 3 Dormitorios · 2 Estacionamientos
148112903,https://urbania.pe/inmueble/clasificado/veclapin-venta-de-departamento-en-santiago-de-surco-lima-3-dormitorios-148112903?n_src=Listado&n_pills=Cerca+a+colegios&n_pg=1&n_pos=24,2026-05-18,santiago-de-surco,urbania,1483500.0,430000.0,980.0,302,3.0,4.0,2.0,Av Precursores,Santiago de Surco,Lima,1,Departamento · 302m² · 3 Dormitorios · 2 Estacionamientos
149397395,https://urbania.pe/inmueble/clasificado/veclapin-venta-de-departamento-en-santiago-de-surco-lima-3-dormitorios-149397395?n_src=Listado&n_pills=%C3%81rea+de+lavander%C3%ADa&n_pg=1&n_pos=25,2026-05-18,santiago-de-surco,urbania,770500.0,230000.0,,134,3.0,3.0,1.0,Jr. Cerro Negro 230,Santiago de Surco,Lima,1,Departamento · 134m² · 3 Dormitorios · 1 Estacionamiento
149682949,https://urbania.pe/inmueble/clasificado/veclapin-venta-de-departamento-en-cerros-de-camacho-santiago-de-surco-3-dormitorios-149682949?n_src=Listado&n_pills=Parrilla&n_pg=1&n_pos=26,2026-05-18,santiago-de-surco,urbania,2949500.0,850000.0,,484,3.0,7.0,6.0,Cerros de Camacho  al 1050,Cerros De Camacho,Santiago de Surco,1,Departamento · 310m² · 3 Dormitorios · 6 Estacionamientos
148976757,https://urbania.pe/inmueble/clasificado/veclapin-venta-de-departamento-en-santiago-de-surco-lima-3-dormitorios-148976757?n_src=Listado&n_pg=1&n_pos=27,2026-05-18,santiago-de-surco,urbania,804000.0,240000.0,500.0,140,3.0,3.0,2.0,Calle Tambo de Oro  al 100,Santiago de Surco,Lima,1,Departamento · 124m² · 3 Dormitorios · 2 Estacionamientos
146517530,https://urbania.pe/inmueble/clasificado/veclapin-venta-de-departamento-en-santiago-de-surco-lima-3-dormitorios-146517530?n_src=Listado&n_pills=Seguridad&n_pg=1&n_pos=28,2026-05-18,santiago-de-surco,urbania,1070850.0,295000.0,650.0,158,3.0,2.0,2.0,chacarilla,Santiago de Surco,Lima,1,Departamento · 123m² · 3 Dormitorios · 2 Estacionamientos
149422713,https://urbania.pe/inmueble/clasificado/veclapin-venta-de-departamento-en-prolongacion-benavides-santiago-de-surco-2-dormitorios-149422713?n_src=Listado&n_pills=%C3%81rea+de+lavander%C3%ADa&n_pg=1&n_pos=29,2026-05-18,santiago-de-surco,urbania,444100.0,129500.0,150.0,76,2.0,2.0,,Loma de los Suspiros,Prolongacion Benavides,Santiago de Surco,1,Departamento · 76m² · 2 Dormitorios
149428954,https://urbania.pe/inmueble/clasificado/veclapin-venta-de-departamento-en-santiago-de-surco-lima-3-dormitorios-149428954?n_src=Listado&n_pills=Parrilla&n_pg=1&n_pos=30,2026-05-18,santiago-de-surco,urbania,1972000.0,580000.0,987.0,404,3.0,3.0,3.0,VELASCO ATETE CHACARILLA,Santiago de Surco,Lima,1,Departamento · 305m² · 3 Dormitorios · 3 Estacionamientos
149550709,https://urbania.pe/inmueble/clasificado/veclapin-venta-de-departamento-en-las-casuarinas-santiago-de-surco-3-dormitorios-149550709?n_src=Listado&n_pills=%C3%81rea+de+lavander%C3%ADa&n_pg=2&n_pos=12,2026-05-18,santiago-de-surco,urbania,1398550.0,415000.0,770.0,341,3.0,2.0,2.0,Casuarinas,Las Casuarinas,Santiago de Surco,1,Departamento · 341m² · 3 Dormitorios · 2 Estacionamientos
147980872,https://urbania.pe/inmueble/clasificado/veclapin-venta-de-departamento-en-prolong-benavides-santiago-de-surco-4-dormitorios-147980872?n_src=Listado&n_pills=Jard%C3%ADn&n_pg=2&n_pos=13,2026-05-18,santiago-de-surco,urbania,595000.0,175000.0,,107,4.0,2.0,1.0,"Avenida Monterrico Sur 1, Piso 4, Surco",Prolong. Benavides,Santiago de Surco,1,Departamento · 107m² · 4 Dormitorios · 1 Estacionamiento
149542324,https://urbania.pe/inmueble/clasificado/veclapin-venta-de-departamento-en-la-alborada-santiago-de-surco-3-dormitorios-149542324?n_src=Listado&n_pills=%C3%81rea+de+lavander%C3%ADa&n_pg=2&n_pos=14,2026-05-18,santiago-de-surco,urbania,1399000.0,411470.0,,217,3.0,3.0,2.0,Amplio Dúplex en Surco de 217 m² con Vista a Jardín Interior y Estacionamientos Incluidosjr Cosmos al 600,La Alborada,Santiago de Surco,1,Departamento · 139m² · 3 Dormitorios · 2 Estacionamientos
148835051,https://urbania.pe/inmueble/clasificado/veclapin-venta-de-departamento-en-santiago-de-surco-lima-4-dormitorios-148835051?n_src=Listado&n_pills=Parrilla&n_pg=2&n_pos=15,2026-05-18,santiago-de-surco,urbania,623450.0,185000.0,1.0,131,4.0,2.0,1.0,Av. Monterrico Chico 273,Santiago de Surco,Lima,1,Departamento · 131m² · 4 Dormitorios · 1 Estacionamiento
149640583,https://urbania.pe/inmueble/clasificado/veclapin-venta-de-departamento-en-santiago-de-surco-lima-3-dormitorios-149640583?n_src=Listado&n_pills=%C3%81rea+de+lavander%C3%ADa&n_pg=2&n_pos=16,2026-05-18,santiago-de-surco,urbania,1836000.0,540000.0,1213.0,396,3.0,5.0,2.0,Jirón Conde de la Vega del Ren al 400,Santiago de Surco,Lima,1,Departamento · 238m² · 3 Dormitorios · 2 Estacionamientos
149399031,https://urbania.pe/inmueble/clasificado/veclapin-venta-de-departamento-en-chacarilla-del-estanque-santiago-de-surco-4-dormitorios-149399031?n_src=Listado&n_pills=Cuartos+de+servicio&n_pg=2&n_pos=17,2026-05-18,santiago-de-surco,urbania,1041200.0,320000.0,500.0,300,4.0,4.0,2.0,Surco 1,Chacarilla Del Estanque,Santiago de Surco,1,Departamento · 275m² · 4 Dormitorios · 2 Estacionamientos
149403386,https://urbania.pe/inmueble/clasificado/veclapin-venta-de-departamento-en-santiago-de-surco-lima-2-dormitorios-149403386?n_src=Listado&n_pills=%C3%81rea+de+lavander%C3%ADa&n_pg=2&n_pos=18,2026-05-18,santiago-de-surco,urbania,986000.0,290000.0,,218,2.0,3.0,1.0,Jirón Arturo Aguilar 289 Santiago de Surco,Santiago de Surco,Lima,1,Departamento · 143m² · 2 Dormitorios · 1 Estacionamiento
147962223,https://urbania.pe/inmueble/clasificado/veclapin-venta-de-departamento-en-canopus-santiago-de-surco-3-dormitorios-147962223?n_src=Listado&n_pills=%C3%81rea+de+lavander%C3%ADa&n_pg=2&n_pos=19,2026-05-18,santiago-de-surco,urbania,805420.0,230120.0,300.0,138,3.0,2.0,,Frente a Parque - Surco,Canopus,Santiago de Surco,1,Departamento · 107m² · 3 Dormitorios
149042276,https://urbania.pe/inmueble/clasificado/veclapin-venta-de-departamento-en-santiago-de-surco-lima-3-dormitorios-149042276?n_src=Listado&n_pg=2&n_pos=20,2026-05-18,santiago-de-surco,urbania,359200.0,,,123,3.0,2.0,,Se Vende Departamento en Jr. Maximiliano Velarde - Surco - Lima_bc-1006-1 / 01295,Santiago de Surco,Lima,1,Departamento · 123m² · 3 Dormitorios
148332529,https://urbania.pe/inmueble/clasificado/veclapin-venta-de-departamento-en-santiago-de-surco-lima-3-dormitorios-148332529?n_src=Listado&n_pills=Seguridad&n_pg=2&n_pos=21,2026-05-18,santiago-de-surco,urbania,997500.0,285000.0,380.0,180,3.0,2.0,2.0,Av. El Derby,Santiago de Surco,Lima,1,Departamento · 180m² · 3 Dormitorios · 2 Estacionamientos
147707091,https://urbania.pe/inmueble/clasificado/veclapin-venta-de-departamento-en-higuereta-santiago-de-surco-5-a-mas-dormitorios-147707091?n_src=Listado&n_pills=%C3%81rea+de+lavander%C3%ADa&n_pg=2&n_pos=22,2026-05-18,santiago-de-surco,urbania,833280.0,245000.0,450.0,169,5.0,4.0,2.0,Calle LA Coruña al 200,Higuereta,Santiago de Surco,1,Departamento · 161m² · 5 Dormitorios · 2 Estacionamientos
149656204,https://urbania.pe/inmueble/clasificado/veclapin-venta-de-departamento-en-santiago-de-surco-lima-4-dormitorios-149656204?n_src=Listado&n_pills=%C3%81rea+de+lavander%C3%ADa&n_pg=2&n_pos=23,2026-05-18,santiago-de-surco,urbania,1173000.0,340000.0,500.0,238,4.0,3.0,2.0,Calle Jose Sebastian Barranca 191,Santiago de Surco,Lima,1,Departamento · 153m² · 4 Dormitorios · 2 Estacionamientos
148251656,https://urbania.pe/inmueble/clasificado/veclapin-venta-de-departamento-en-chacarilla-del-estanque-santiago-de-surco-4-dormitorios-148251656?n_src=Listado&n_pills=%C3%81rea+de+lavander%C3%ADa&n_pg=2&n_pos=24,2026-05-18,santiago-de-surco,urbania,1085000.0,315000.0,600.0,222,4.0,4.0,2.0,"Av. Alejandro Velasco Astete, Surco",Chacarilla Del Estanque,Santiago de Surco,1,Departamento · 222m² · 4 Dormitorios · 2 Estacionamientos
149752384,https://urbania.pe/inmueble/clasificado/veclapin-venta-de-departamento-en-chacarilla-del-estanque-santiago-de-surco-3-dormitorios-149752384?n_src=Listado&n_pills=Frente+a+parque&n_pg=2&n_pos=25,2026-05-18,santiago-de-surco,urbania,2063100.0,598000.0,1200.0,322,3.0,3.0,2.0,Alameda Monte Umbroso,Chacarilla Del Estanque,Santiago de Surco,1,Departamento · 217m² · 3 Dormitorios · 2 Estacionamientos
149590858,https://urbania.pe/inmueble/clasificado/veclapin-venta-de-departamento-en-santiago-de-surco-lima-3-dormitorios-149590858?n_src=Listado&n_pills=Guardian%C3%ADa%2FSeguridad+privada&n_pg=2&n_pos=26,2026-05-18,santiago-de-surco,urbania,2622000.0,760000.0,1224.0,466,3.0,3.0,3.0,Avenida Cerros de Camacho,Santiago de Surco,Lima,1,Departamento · 352m² · 3 Dormitorios · 3 Estacionamientos
148281562,https://urbania.pe/inmueble/clasificado/veclapin-venta-de-departamento-en-santiago-de-surco-lima-4-dormitorios-148281562?n_src=Listado&n_pills=%C3%81rea+de+lavander%C3%ADa&n_pg=2&n_pos=27,2026-05-18,santiago-de-surco,urbania,1079534.0,315000.0,585.0,236,4.0,2.0,2.0,Ca. Batallon Tarma 315,Santiago de Surco,Lima,1,Departamento · 118m² · 4 Dormitorios · 2 Estacionamientos
149813969,https://urbania.pe/inmueble/clasificado/veclapin-venta-de-departamento-en-santiago-de-surco-lima-3-dormitorios-149813969?n_src=Listado&n_pills=%C3%81rea+de+lavander%C3%ADa&n_pg=2&n_pos=28,2026-05-18,santiago-de-surco,urbania,1204000.0,350000.0,1200.0,301,3.0,2.0,2.0,Av. Alejandro Velasco Astete al 1200,Santiago de Surco,Lima,1,Departamento · 232m² · 3 Dormitorios · 2 Estacionamientos
144943794,https://urbania.pe/inmueble/clasificado/veclapin-venta-de-departamento-en-golf-los-incas-santiago-de-surco-4-dormitorios-144943794?n_src=Listado&n_pills=%C3%81rea+de+lavander%C3%ADa&n_pg=2&n_pos=29,2026-05-18,santiago-de-surco,urbania,3264000.0,960000.0,1100.0,365,4.0,4.0,3.0,CERROS DE CAMACHO 2,Golf Los Incas,Santiago de Surco,1,Departamento · 365m² · 4 Dormitorios · 3 Estacionamientos
149868814,https://urbania.pe/inmueble/clasificado/veclapin-venta-de-departamento-en-santiago-de-surco-lima-2-dormitorios-149868814?n_src=Listado&n_pills=Cuartos+de+servicio&n_pg=2&n_pos=30,2026-05-18,santiago-de-surco,urbania,486500.0,139000.0,200.0,90,2.0,2.0,1.0,Calle Santa Elena Norte,Santiago de Surco,Lima,1,Departamento · 95m² · 2 Dormitorios · 1 Estacionamiento
147924649,https://urbania.pe/inmueble/clasificado/veclapin-venta-de-departamento-en-la-calera-de-la-merced-santiago-de-surco-3-dormitorios-147924649?n_src=Listado&n_pills=%C3%81rea+de+lavander%C3%ADa&n_pg=3&n_pos=2,2026-05-18,santiago-de-surco,urbania,723240.0,196000.0,,145,3.0,3.0,1.0,Calle La Calera de la Merced N° 204 Surquillo,La Calera De La Merced,Santiago de Surco,10,Departamento · 146ha · 3 Dormitorios · 1 Estacionamiento
149714102,https://urbania.pe/inmueble/clasificado/veclapin-venta-de-departamento-en-valle-hermoso-santiago-de-surco-3-dormitorios-149714102?n_src=Listado&n_pills=Seguridad&n_pg=3&n_pos=3,2026-05-18,santiago-de-surco,urbania,718000.0,205140.0,,108,3.0,2.0,,Los Jazmines al 202,Valle Hermoso,Santiago de Surco,10,Departamento · 108m² · 3 Dormitorios
147949198,https://urbania.pe/inmueble/clasificado/veclapin-venta-de-departamento-en-golf-los-incas-santiago-de-surco-3-dormitorios-147949198?n_src=Listado&n_pills=Jard%C3%ADn&n_pg=3&n_pos=4,2026-05-18,santiago-de-surco,urbania,1836000.0,540000.0,1300.0,345,3.0,3.0,3.0,Circunvalacion Golf Los Incas 859,Golf Los Incas,Santiago de Surco,10,Departamento · 300m² · 3 Dormitorios · 3 Estacionamientos
149469162,https://urbania.pe/inmueble/clasificado/veclapin-venta-de-departamento-en-santiago-de-surco-lima-2-dormitorios-149469162?n_src=Listado&n_pills=Cerca+a+colegios&n_pg=3&n_pos=6,2026-05-18,santiago-de-surco,urbania,1009770.0,291000.0,,141,2.0,2.0,,Jirón Tomasal,Santiago de Surco,Lima,1,Departamento · 110m² · 2 Dormitorios
149235186,https://urbania.pe/inmueble/clasificado/veclapin-venta-de-departamento-en-chacarilla-del-estanque-santiago-de-surco-3-dormitorios-149235186?n_src=Listado&n_pills=Cerca+a+colegios&n_pg=3&n_pos=7,2026-05-18,santiago-de-surco,urbania,983680.0,290000.0,650.0,140,3.0,4.0,2.0,Monte Claro,Chacarilla Del Estanque,Santiago de Surco,1,Departamento · 140m² · 3 Dormitorios · 2 Estacionamientos
149347327,https://urbania.pe/inmueble/clasificado/veclapin-venta-de-departamento-en-santa-teresa-santiago-de-surco-3-dormitorios-149347327?n_src=Listado&n_pills=Jard%C3%ADn&n_pg=3&n_pos=8,2026-05-18,santiago-de-surco,urbania,774000.0,215000.0,,99,3.0,2.0,,Velasco Astete 1400 Surco,Santa Teresa,Santiago de Surco,1,Departamento · 99m² · 3 Dormitorios
149790491,https://urbania.pe/inmueble/clasificado/veclapin-venta-de-departamento-en-chacarilla-del-estanque-santiago-de-surco-4-dormitorios-149790491?n_src=Listado&n_pills=%C3%81rea+de+lavander%C3%ADa&n_pg=3&n_pos=13,2026-05-18,santiago-de-surco,urbania,2176000.0,640000.0,850.0,405,4.0,3.0,2.0,Monte Carlo Chacarilla Surco 1,Chacarilla Del Estanque,Santiago de Surco,1,Departamento · 256m² · 4 Dormitorios · 2 Estacionamientos
149719537,https://urbania.pe/inmueble/clasificado/veclapin-venta-de-departamento-en-santiago-de-surco-lima-3-dormitorios-149719537?n_src=Listado&n_pills=Guardian%C3%ADa%2FSeguridad+privada&n_pg=3&n_pos=14,2026-05-18,santiago-de-surco,urbania,1060000.0,306000.0,480.0,167,3.0,4.0,,Calle Monte Real al 100,Santiago de Surco,Lima,1,Departamento · 167m² · 3 Dormitorios
149791087,https://urbania.pe/inmueble/clasificado/veclapin-venta-de-departamento-en-ingenieros-valle-hermoso-santiago-de-surco-3-dormitorios-149791087?n_src=Listado&n_pills=Guardian%C3%ADa%2FSeguridad+privada&n_pg=3&n_pos=20,2026-05-18,santiago-de-surco,urbania,753750.0,225000.0,,120,3.0,2.0,2.0,Avenida de los Ingenieros al 900,Ingenieros Valle Hermoso,Santiago de Surco,1,Departamento · 120m² · 3 Dormitorios · 2 Estacionamientos
149618886,https://urbania.pe/inmueble/clasificado/veclapin-venta-de-departamento-en-santiago-de-surco-lima-3-dormitorios-149618886?n_src=Listado&n_pg=3&n_pos=21,2026-05-18,santiago-de-surco,urbania,714150.0,207000.0,100.0,110,3.0,2.0,1.0,Av Ayacucho al 100,Santiago de Surco,Lima,1,Departamento · 110m² · 3 Dormitorios · 1 Estacionamiento
149746401,https://urbania.pe/inmueble/clasificado/veclapin-venta-de-departamento-en-golf-los-incas-santiago-de-surco-4-dormitorios-149746401?n_src=Listado&n_pills=Guardian%C3%ADa%2FSeguridad+privada&n_pg=3&n_pos=24,2026-05-18,santiago-de-surco,urbania,2940000.0,840000.0,1500.0,527,4.0,6.0,4.0,Av. Circunvalación Golf los Incas,Golf Los Incas,Santiago de Surco,1,Departamento · 457m² · 4 Dormitorios · 4 Estacionamientos
148562473,https://urbania.pe/inmueble/clasificado/veclapin-venta-de-departamento-en-santiago-de-surco-lima-2-dormitorios-148562473?n_src=Listado&n_pills=Gimnasio&n_pg=3&n_pos=27,2026-05-18,santiago-de-surco,urbania,312500.0,93000.0,250.0,53,2.0,2.0,1.0,JR Vulcano,Santiago de Surco,Lima,1,Departamento · 53ha · 2 Dormitorios · 1 Estacionamiento
149182441,https://urbania.pe/inmueble/clasificado/veclapin-venta-de-departamento-en-santiago-de-surco-lima-3-dormitorios-149182441?n_src=Listado&n_pills=Parrilla&n_pg=3&n_pos=29,2026-05-18,santiago-de-surco,urbania,798000.0,210000.0,,90,3.0,2.0,1.0,Surco,Santiago de Surco,Lima,1,Departamento · 90m² · 3 Dormitorios · 1 Estacionamiento
146515529,https://urbania.pe/inmueble/clasificado/veclapin-venta-de-departamento-en-santiago-de-surco-lima-3-dormitorios-146515529?n_src=Listado&n_pills=%C3%81rea+de+lavander%C3%ADa&n_pg=3&n_pos=30,2026-05-18,santiago-de-surco,urbania,1330000.0,380000.0,,292,3.0,3.0,1.0,"Ca Simón Salguero Cdra 6, Surco - VTA",Santiago de Surco,Lima,1,Departamento · 196ha · 3 Dormitorios · 1 Estacionamiento
148453294,https://urbania.pe/inmueble/clasificado/veclapin-venta-de-departamento-en-monterrico-santiago-de-surco-2-dormitorios-148453294?n_src=Listado&n_pills=Seguridad&n_pg=4&n_pos=1,2026-05-18,santiago-de-surco,urbania,799000.0,235000.0,,86,2.0,2.0,1.0,Tomasal al 400,Monterrico,Santiago de Surco,10,Departamento · 86m² · 2 Dormitorios · 1 Estacionamiento
148545155,https://urbania.pe/inmueble/clasificado/veclapin-venta-de-departamento-en-santiago-de-surco-lima-4-dormitorios-148545155?n_src=Listado&n_pills=Seguridad&n_pg=4&n_pos=2,2026-05-18,santiago-de-surco,urbania,1747200.0,520000.0,600.0,400,4.0,4.0,2.0,"Calle Via Lactea, Cerca a la Universidad de Lima, Surco",Santiago de Surco,Lima,10,Departamento · 400m² · 4 Dormitorios · 2 Estacionamientos
148447937,https://urbania.pe/inmueble/clasificado/veclapin-venta-de-departamento-en-santiago-de-surco-lima-3-dormitorios-148447937?n_src=Listado&n_pills=Seguridad&n_pg=4&n_pos=3,2026-05-18,santiago-de-surco,urbania,915000.0,269000.0,,302,3.0,2.0,1.0,Clemente X,Santiago de Surco,Lima,10,Departamento · 302m² · 3 Dormitorios · 1 Estacionamiento
148881847,https://urbania.pe/inmueble/clasificado/veclapin-venta-de-departamento-en-santiago-de-surco-lima-3-dormitorios-148881847?n_src=Listado&n_pills=Cuartos+de+servicio&n_pg=4&n_pos=4,2026-05-18,santiago-de-surco,urbania,1004000.0,299000.0,650.0,216,3.0,2.0,3.0,"Chacarilla V. Astete con C. Inca  Parques, Colegios, 4 Habitaciones 3 Estacionamientos.  216m2",Santiago de Surco,Lima,10,Departamento · 216m² · 3 Dormitorios · 3 Estacionamientos
148589598,https://urbania.pe/inmueble/clasificado/veclapin-venta-de-departamento-en-santiago-de-surco-lima-3-dormitorios-148589598?n_src=Listado&n_pills=Parrilla&n_pg=4&n_pos=5,2026-05-18,santiago-de-surco,urbania,,,,132,3.0,2.0,1.0,Jr Cristobal de Peralta Sur al 1200,Santiago de Surco,Lima,1,Departamento · 132m² · 3 Dormitorios · 1 Estacionamiento
149326750,https://urbania.pe/inmueble/clasificado/veclapin-venta-de-departamento-en-santiago-de-surco-lima-3-dormitorios-149326750?n_src=Listado&n_pills=%C3%81rea+de+lavander%C3%ADa&n_pg=4&n_pos=6,2026-05-18,santiago-de-surco,urbania,1240116.0,364740.0,,221,3.0,2.0,1.0,Jr. Huaroc Duplex de Estreno 221m2 Gran Terraza (NO Paga Alcabala),Santiago de Surco,Lima,1,Departamento · 141m² · 3 Dormitorios · 1 Estacionamiento
149377831,https://urbania.pe/inmueble/clasificado/veclapin-venta-de-departamento-en-santiago-de-surco-lima-2-dormitorios-149377831?n_src=Listado&n_pills=%C3%81rea+de+lavander%C3%ADa&n_pg=4&n_pos=7,2026-05-18,santiago-de-surco,urbania,533381.0,154603.0,,76,2.0,2.0,,Av. La Encalada al 1300,Santiago de Surco,Lima,1,Departamento · 76m² · 2 Dormitorios
148043873,https://urbania.pe/inmueble/clasificado/veclapin-venta-de-departamento-en-cerros-de-camacho-santiago-de-surco-4-dormitorios-148043873?n_src=Listado&n_pills=Piscina&n_pg=4&n_pos=8,2026-05-18,santiago-de-surco,urbania,3230000.0,950000.0,,538,4.0,4.0,4.0,CERROS DE CAMACHO,Cerros De Camacho,Santiago de Surco,1,Departamento · 538m² · 4 Dormitorios · 4 Estacionamientos
148728163,https://urbania.pe/inmueble/clasificado/veclapin-venta-de-departamento-en-chacarilla-del-estanque-santiago-de-surco-4-dormitorios-148728163?n_src=Listado&n_pills=Parrilla&n_pg=4&n_pos=9,2026-05-18,santiago-de-surco,urbania,1650000.0,469999.0,1950.0,371,4.0,5.0,2.0,Jirón Conde de la Vega del Ren 178,Chacarilla Del Estanque,Santiago de Surco,1,Departamento · 371m² · 4 Dormitorios · 2 Estacionamientos
149903341,https://urbania.pe/inmueble/clasificado/veclapin-venta-de-departamento-en-valle-hermoso-santiago-de-surco-4-dormitorios-149903341?n_src=Listado&n_pills=Guardian%C3%ADa%2FSeguridad+privada&n_pg=4&n_pos=10,2026-05-18,santiago-de-surco,urbania,963200.0,280000.0,400.0,180,4.0,3.0,2.0,El buen retiro,Valle Hermoso,Santiago de Surco,1,Departamento · 180m² · 4 Dormitorios · 2 Estacionamientos
146683328,https://urbania.pe/inmueble/clasificado/veclapin-venta-de-departamento-en-santiago-de-surco-lima-2-dormitorios-146683328?n_src=Listado&n_pills=Guardian%C3%ADa%2FSeguridad+privada&n_pg=4&n_pos=11,2026-05-18,santiago-de-surco,urbania,1176500.0,325000.0,300.0,150,2.0,2.0,2.0,las laderas,Santiago de Surco,Lima,1,Departamento · 150m² · 2 Dormitorios · 2 Estacionamientos
148064841,https://urbania.pe/inmueble/clasificado/veclapin-venta-de-departamento-en-las-gardenias-santiago-de-surco-3-dormitorios-148064841?n_src=Listado&n_pills=%C3%81rea+de+lavander%C3%ADa&n_pg=4&n_pos=12,2026-05-18,santiago-de-surco,urbania,1112020.0,329000.0,,208,3.0,2.0,2.0,jr Enrique Campos  al 300 Cerca a Chacarilla,Las Gardenias,Santiago de Surco,1,Departamento · 138m² · 3 Dormitorios · 2 Estacionamientos
147961627,https://urbania.pe/inmueble/clasificado/veclapin-venta-de-departamento-en-santiago-de-surco-lima-3-dormitorios-147961627?n_src=Listado&n_pills=%C3%81rea+de+lavander%C3%ADa&n_pg=4&n_pos=13,2026-05-18,santiago-de-surco,urbania,595000.0,170000.0,,94,3.0,3.0,1.0,El Polo 1074,Santiago de Surco,Lima,1,Departamento · 92m² · 3 Dormitorios · 1 Estacionamiento
149524344,https://urbania.pe/inmueble/clasificado/veclapin-venta-de-departamento-en-santiago-de-surco-lima-3-dormitorios-149524344?n_src=Listado&n_pills=Piscina&n_pg=4&n_pos=14,2026-05-18,santiago-de-surco,urbania,1905500.0,515000.0,1200.0,263,3.0,3.0,3.0,Avenida Cerros de Camacho 1050,Santiago de Surco,Lima,1,Departamento · 263m² · 3 Dormitorios · 3 Estacionamientos
149250347,https://urbania.pe/inmueble/clasificado/veclapin-venta-de-departamento-en-santiago-de-surco-lima-3-dormitorios-149250347?n_src=Listado&n_pills=%C3%81rea+de+lavander%C3%ADa&n_pg=4&n_pos=15,2026-05-18,santiago-de-surco,urbania,425000.0,124200.0,,95,3.0,3.0,1.0,Mariscal Castilla 671,Santiago de Surco,Lima,1,Departamento · 95m² · 3 Dormitorios · 1 Estacionamiento
149356332,https://urbania.pe/inmueble/clasificado/veclapin-venta-de-departamento-en-casuarinas-sur-santiago-de-surco-3-dormitorios-149356332?n_src=Listado&n_pills=%C3%81rea+de+lavander%C3%ADa&n_pg=4&n_pos=16,2026-05-18,santiago-de-surco,urbania,870000.0,255000.0,,205,3.0,2.0,2.0,JR LAS Cantutas  al 200,Casuarinas Sur,Santiago de Surco,1,Departamento · 205m² · 3 Dormitorios · 2 Estacionamientos
149791096,https://urbania.pe/inmueble/clasificado/veclapin-venta-de-departamento-en-chacarilla-del-estanque-santiago-de-surco-2-dormitorios-149791096?n_src=Listado&n_pills=%C3%81rea+de+lavander%C3%ADa&n_pg=4&n_pos=17,2026-05-18,santiago-de-surco,urbania,742500.0,225000.0,600.0,133,2.0,3.0,1.0,Monte Claro al 100,Chacarilla Del Estanque,Santiago de Surco,1,Departamento · 133m² · 2 Dormitorios · 1 Estacionamiento
149800861,https://urbania.pe/inmueble/clasificado/veclapin-venta-de-departamento-en-santiago-de-surco-lima-5-a-mas-dormitorios-149800861?n_src=Listado&n_pills=%C3%81rea+de+lavander%C3%ADa&n_pg=4&n_pos=18,2026-05-18,santiago-de-surco,urbania,907400.0,260000.0,,202,5.0,4.0,2.0,Calle Ocoña 1XX  Surco,Santiago de Surco,Lima,1,Departamento · 202m² · 5 Dormitorios · 2 Estacionamientos
149155680,https://urbania.pe/inmueble/clasificado/veclapin-venta-de-departamento-en-santiago-de-surco-lima-3-dormitorios-149155680?n_src=Listado&n_pills=%C3%81rea+de+lavander%C3%ADa&n_pg=4&n_pos=19,2026-05-18,santiago-de-surco,urbania,286000.0,85000.0,100.0,82,3.0,2.0,,Calle Galileo Galilei al 100,Santiago de Surco,Lima,1,Departamento · 82m² · 3 Dormitorios
149847537,https://urbania.pe/inmueble/clasificado/veclapin-venta-de-departamento-en-monterrico-santiago-de-surco-3-dormitorios-149847537?n_src=Listado&n_pills=%C3%81rea+de+lavander%C3%ADa&n_pg=4&n_pos=20,2026-05-18,santiago-de-surco,urbania,1220000.0,360000.0,,277,3.0,4.0,2.0,"Lima Polo Hunt- Bello Duplex  de 277 mt2  con Terraza Y Piscina Propia, 3d, 2 Cocheras Paralelas",Monterrico,Santiago de Surco,1,Departamento · 234m² · 3 Dormitorios · 2 Estacionamientos
149846936,https://urbania.pe/inmueble/clasificado/veclapin-venta-de-departamento-en-los-manzanos-santiago-de-surco-3-dormitorios-149846936?n_src=Listado&n_pills=%C3%81rea+de+lavander%C3%ADa&n_pg=4&n_pos=21,2026-05-18,santiago-de-surco,urbania,703970.0,205000.0,,95,3.0,2.0,1.0,El Escorial 245,Los Manzanos,Santiago de Surco,1,Departamento · 95m² · 3 Dormitorios · 1 Estacionamiento
149118446,https://urbania.pe/inmueble/clasificado/veclapin-venta-de-departamento-en-las-casuarinas-santiago-de-surco-3-dormitorios-149118446?n_src=Listado&n_pills=Seguridad&n_pg=4&n_pos=22,2026-05-18,santiago-de-surco,urbania,1295000.0,370000.0,,210,3.0,2.0,2.0,"Jr. Bellavista 304, Santiago De Surco 15023, Perú",Las Casuarinas,Santiago de Surco,1,Departamento · 210m² · 3 Dormitorios · 2 Estacionamientos
147788472,https://urbania.pe/inmueble/clasificado/veclapin-venta-de-departamento-en-las-palmas-santiago-de-surco-3-dormitorios-147788472?n_src=Listado&n_pills=Cuartos+de+servicio&n_pg=4&n_pos=23,2026-05-18,santiago-de-surco,urbania,567300.0,152000.0,200.0,111,3.0,3.0,1.0,AV. Gral. Edmundo Aguilar 451,Las Palmas,Santiago de Surco,1,Departamento · 111ha · 3 Dormitorios · 1 Estacionamiento
149363938,https://urbania.pe/inmueble/clasificado/veclapin-venta-de-departamento-en-las-gardenias-santiago-de-surco-3-dormitorios-149363938?n_src=Listado&n_pills=%C3%81rea+de+lavander%C3%ADa&n_pg=4&n_pos=24,2026-05-18,santiago-de-surco,urbania,941500.0,269000.0,540.0,162,3.0,3.0,2.0,Jr. Batalla de San Juan 742  Las Gardenias Santiago de Surco 742,Las Gardenias,Santiago de Surco,1,Departamento · 162m² · 3 Dormitorios · 2 Estacionamientos
148999701,https://urbania.pe/inmueble/clasificado/veclapin-venta-de-departamento-en-monterrico-santiago-de-surco-3-dormitorios-148999701?n_src=Listado&n_pills=Guardian%C3%ADa%2FSeguridad+privada&n_pg=4&n_pos=25,2026-05-18,santiago-de-surco,urbania,1373415.0,395000.0,750.0,381,3.0,3.0,2.0,LA Conquista  al 200,Monterrico,Santiago de Surco,1,Departamento · 204m² · 3 Dormitorios · 2 Estacionamientos
149332169,https://urbania.pe/inmueble/clasificado/veclapin-venta-de-departamento-en-las-gardenias-santiago-de-surco-4-dormitorios-149332169?n_src=Listado&n_pills=Guardian%C3%ADa%2FSeguridad+privada&n_pg=4&n_pos=26,2026-05-18,santiago-de-surco,urbania,1207000.0,355000.0,650.0,208,4.0,4.0,2.0,Jirón Trinitarias 308,Las Gardenias,Santiago de Surco,1,Departamento · 208m² · 4 Dormitorios · 2 Estacionamientos
148322490,https://urbania.pe/inmueble/clasificado/veclapin-venta-de-departamento-en-sagitario-santiago-de-surco-3-dormitorios-148322490?n_src=Listado&n_pills=%C3%81rea+de+lavander%C3%ADa&n_pg=4&n_pos=27,2026-05-18,santiago-de-surco,urbania,285600.0,85000.0,100.0,78,3.0,2.0,,Jiron Viña Venturo  2xx - Vendo Dpto 3dorm Cerca a la av Guardia Civil,Sagitario,Santiago de Surco,1,Departamento · 78m² · 3 Dormitorios
149890905,https://urbania.pe/inmueble/clasificado/veclapin-venta-de-departamento-en-santiago-de-surco-lima-3-dormitorios-149890905?n_src=Listado&n_pills=%C3%81rea+de+lavander%C3%ADa&n_pg=4&n_pos=28,2026-05-18,santiago-de-surco,urbania,649350.0,185000.0,,105,3.0,4.0,1.0,Av la Encalada  al 1200,Santiago de Surco,Lima,1,Departamento · 105m² · 3 Dormitorios · 1 Estacionamiento
148238445,https://urbania.pe/inmueble/clasificado/veclapin-venta-de-departamento-en-higuereta-santiago-de-surco-3-dormitorios-148238445?n_src=Listado&n_pills=Guardian%C3%ADa%2FSeguridad+privada&n_pg=4&n_pos=29,2026-05-18,santiago-de-surco,urbania,993000.0,280000.0,,115,3.0,3.0,,Urbanización Higuereta,Higuereta,Santiago de Surco,1,Departamento · 115m² · 3 Dormitorios
149701731,https://urbania.pe/inmueble/clasificado/veclapin-venta-de-departamento-en-santiago-de-surco-lima-5-a-mas-dormitorios-149701731?n_src=Listado&n_pills=%C3%81rea+de+lavander%C3%ADa&n_pg=4&n_pos=30,2026-05-18,santiago-de-surco,urbania,918000.0,270000.0,,248,5.0,3.0,1.0,Enrique Salazar Barreto,Santiago de Surco,Lima,1,Departamento · 199m² · 5 Dormitorios · 1 Estacionamiento
149066343,https://urbania.pe/inmueble/clasificado/veclapin-venta-de-departamento-en-valle-hermoso-santiago-de-surco-3-dormitorios-149066343?n_src=Listado&n_pills=Seguridad&n_pg=5&n_pos=1,2026-05-18,santiago-de-surco,urbania,987915.0,294900.0,850.0,190,3.0,3.0,1.0,Calle Montes DE OCA - Flat 190 M2- Vista Externa - 3 Dorm CON Baño,Valle Hermoso,Santiago de Surco,10,Departamento · 190m² · 3 Dormitorios · 1 Estacionamiento
149670870,https://urbania.pe/inmueble/clasificado/veclapin-venta-de-departamento-en-casuarinas-sur-santiago-de-surco-3-dormitorios-149670870?n_src=Listado&n_pills=Seguridad&n_pg=5&n_pos=2,2026-05-18,santiago-de-surco,urbania,930000.0,270000.0,,232,3.0,2.0,2.0,Las Violetas 154,Casuarinas Sur,Santiago de Surco,10,Departamento · 232m² · 3 Dormitorios · 2 Estacionamientos
149747680,https://urbania.pe/inmueble/clasificado/veclapin-venta-de-departamento-en-los-alamos-de-monterrico-santiago-de-surco-3-dormitorios-149747680?n_src=Listado&n_pills=%C3%81rea+de+lavander%C3%ADa&n_pg=5&n_pos=3,2026-05-18,santiago-de-surco,urbania,830000.0,235000.0,520.0,125,3.0,3.0,2.0,Avenida Central 960,Los Alamos De Monterrico,Santiago de Surco,10,Departamento · 125m² · 3 Dormitorios · 2 Estacionamientos
149274471,https://urbania.pe/inmueble/clasificado/veclapin-venta-de-departamento-en-huertos-de-san-antonio-santiago-de-surco-3-dormitorios-149274471?n_src=Listado&n_pg=5&n_pos=4,2026-05-18,santiago-de-surco,urbania,882400.0,,,106,3.0,3.0,1.0,Jirón Tomasal al 1000,Huertos De San Antonio,Santiago de Surco,10,Departamento · 106m² · 3 Dormitorios · 1 Estacionamiento
149525210,https://urbania.pe/inmueble/clasificado/veclapin-venta-de-departamento-en-el-derby-santiago-de-surco-3-dormitorios-149525210?n_src=Listado&n_pills=Cerca+a+colegios&n_pg=5&n_pos=5,2026-05-18,santiago-de-surco,urbania,1245215.0,369500.0,500.0,174,3.0,3.0,2.0,Jr. La Conquista 267,El Derby,Santiago de Surco,1,Departamento · 174m² · 3 Dormitorios · 2 Estacionamientos
147253589,https://urbania.pe/inmueble/clasificado/veclapin-venta-de-departamento-en-valle-hermoso-santiago-de-surco-3-dormitorios-147253589?n_src=Listado&n_pills=%C3%81rea+de+lavander%C3%ADa&n_pg=5&n_pos=6,2026-05-18,santiago-de-surco,urbania,754650.0,215000.0,1.0,146,3.0,2.0,1.0,AV LOS INGENIEROS 713 URB VALLE HERMOSO,Valle Hermoso,Santiago de Surco,1,Departamento · 146m² · 3 Dormitorios · 1 Estacionamiento
148565582,https://urbania.pe/inmueble/clasificado/veclapin-venta-de-departamento-en-casuarinas-sur-santiago-de-surco-3-dormitorios-148565582?n_src=Listado&n_pills=Cuartos+de+servicio&n_pg=5&n_pos=7,2026-05-18,santiago-de-surco,urbania,880600.0,259000.0,450.0,199,3.0,2.0,2.0,Jirón Las Cantutas - Bello Flat DE 200mts  con Terraza y Cochera Doble - Piscina,Casuarinas Sur,Santiago de Surco,1,Departamento · 199m² · 3 Dormitorios · 2 Estacionamientos
148654543,https://urbania.pe/inmueble/clasificado/veclapin-venta-de-departamento-en-valle-hermoso-santiago-de-surco-3-dormitorios-148654543?n_src=Listado&n_pills=%C3%81rea+de+lavander%C3%ADa&n_pg=5&n_pos=8,2026-05-18,santiago-de-surco,urbania,1303680.0,388000.0,550.0,306,3.0,2.0,2.0,"Valle Hermoso, Surco, Duplex 3 Dormitorios, Vista Externa, No Paga Alcabala",Valle Hermoso,Santiago de Surco,1,Departamento · 197m² · 3 Dormitorios · 2 Estacionamientos
149669376,https://urbania.pe/inmueble/clasificado/veclapin-venta-de-departamento-en-santiago-de-surco-lima-1-dormitorio-149669376?n_src=Listado&n_pills=Seguridad&n_pg=5&n_pos=9,2026-05-18,santiago-de-surco,urbania,448000.0,129855.0,,39,1.0,1.0,1.0,Flat de 1 Dormitorio De39m2 + Cochera de  en Surco Cerca a la Universidad de Lima Av. El Derby,Santiago de Surco,Lima,1,Departamento · 39m² · 1 Dormitorio · 1 Estacionamiento
149429238,https://urbania.pe/inmueble/clasificado/veclapin-venta-de-departamento-en-sagitario-santiago-de-surco-4-dormitorios-149429238?n_src=Listado&n_pills=%C3%81rea+de+lavander%C3%ADa&n_pg=5&n_pos=10,2026-05-18,santiago-de-surco,urbania,418000.0,119000.0,100.0,111,4.0,3.0,,Jirón Los Cisnes al 100,Sagitario,Santiago de Surco,1,Departamento · 111m² · 4 Dormitorios
4470088,https://urbania.pe/inmueble/clasificado/veclapin-venta-de-departamento-en-club-golf-los-incas-santiago-de-surco-3-dormitorios-4470088?n_src=Listado&n_pills=Seguridad&n_pg=5&n_pos=11,2026-05-18,santiago-de-surco,urbania,1802000.0,530000.0,1000.0,288,3.0,3.0,3.0,Av. Circunvalacion Golf los Incas 595,Club Golf Los Incas,Santiago de Surco,1,Departamento · 288m² · 3 Dormitorios · 3 Estacionamientos
149575396,https://urbania.pe/inmueble/clasificado/veclapin-venta-de-departamento-en-santa-carmela-santiago-de-surco-3-dormitorios-149575396?n_src=Listado&n_pills=%C3%81rea+de+lavander%C3%ADa&n_pg=5&n_pos=12,2026-05-18,santiago-de-surco,urbania,1063000.0,309000.0,,196,3.0,3.0,2.0,Calle Arturo Lecca al 200,Santa Carmela,Santiago de Surco,1,Departamento · 196m² · 3 Dormitorios · 2 Estacionamientos
149629113,https://urbania.pe/inmueble/clasificado/veclapin-venta-de-departamento-en-los-parrales-de-surco-santiago-de-surco-2-dormitorios-149629113?n_src=Listado&n_pills=%C3%81rea+de+lavander%C3%ADa&n_pg=5&n_pos=13,2026-05-18,santiago-de-surco,urbania,370000.0,107000.0,50.0,82,2.0,2.0,,Calle Viña Venturo al 100,Los Parrales De Surco,Santiago de Surco,1,Departamento · 82m² · 2 Dormitorios
148686036,https://urbania.pe/inmueble/clasificado/veclapin-venta-de-departamento-en-chacarilla-del-estanque-santiago-de-surco-3-dormitorios-148686036?n_src=Listado&n_pills=Guardian%C3%ADa%2FSeguridad+privada&n_pg=5&n_pos=14,2026-05-18,santiago-de-surco,urbania,686750.0,205000.0,,107,3.0,3.0,2.0,jr. Jeronimo de Aliaga Norte  al 500,Chacarilla Del Estanque,Santiago de Surco,1,Departamento · 107m² · 3 Dormitorios · 2 Estacionamientos
148818079,https://urbania.pe/inmueble/clasificado/veclapin-venta-de-departamento-en-benavides-santiago-de-surco-148818079?n_src=Listado&n_pills=Cuartos+de+servicio&n_pg=5&n_pos=15,2026-05-18,santiago-de-surco,urbania,892713.0,264900.0,,157,,3.0,3.0,Araroba  al 100,Benavides,Santiago de Surco,1,Departamento · 151m² · 3 Estacionamientos
149324095,https://urbania.pe/inmueble/clasificado/veclapin-venta-de-departamento-en-los-rosales-santiago-de-surco-2-dormitorios-149324095?n_src=Listado&n_pills=%C3%81rea+de+lavander%C3%ADa&n_pg=5&n_pos=16,2026-05-18,santiago-de-surco,urbania,291550.0,85000.0,70.0,62,2.0,1.0,,Calle Doña Delmira  al 400,Los Rosales,Santiago de Surco,1,Departamento · 62m² · 2 Dormitorios
148018120,https://urbania.pe/inmueble/clasificado/veclapin-venta-de-departamento-en-santiago-de-surco-lima-2-dormitorios-148018120?n_src=Listado&n_pills=%C3%81rea+de+lavander%C3%ADa&n_pg=5&n_pos=17,2026-05-18,santiago-de-surco,urbania,726700.0,215000.0,,150,2.0,2.0,1.0,Jiron Señor de Sipan  120,Santiago de Surco,Lima,1,Departamento · 115m² · 2 Dormitorios · 1 Estacionamiento
149198056,https://urbania.pe/inmueble/clasificado/veclapin-venta-de-departamento-en-santiago-de-surco-lima-3-dormitorios-149198056?n_src=Listado&n_pills=Cerca+a+colegios&n_pg=5&n_pos=18,2026-05-18,santiago-de-surco,urbania,1207000.0,355000.0,800.0,208,3.0,3.0,2.0,Calle  Emancipacion,Santiago de Surco,Lima,1,Departamento · 186m² · 3 Dormitorios · 2 Estacionamientos
146329002,https://urbania.pe/inmueble/clasificado/veclapin-venta-de-departamento-en-vista-alegre-santiago-de-surco-3-dormitorios-146329002?n_src=Listado&n_pills=Seguridad&n_pg=5&n_pos=19,2026-05-18,santiago-de-surco,urbania,673000.0,195000.0,,104,3.0,2.0,1.0,Arturo Aguilar,Vista Alegre,Santiago de Surco,1,Departamento · 104m² · 3 Dormitorios · 1 Estacionamiento
149898794,https://urbania.pe/inmueble/clasificado/veclapin-venta-de-departamento-en-chacarilla-del-estanque-santiago-de-surco-3-dormitorios-149898794?n_src=Listado&n_pills=%C3%81rea+de+lavander%C3%ADa&n_pg=5&n_pos=20,2026-05-18,santiago-de-surco,urbania,1483500.0,430000.0,850.0,205,3.0,2.0,3.0,Venta de Departamento Frente a Parque en Chacarilla – 205 m²,Chacarilla Del Estanque,Santiago de Surco,1,Departamento · 205m² · 3 Dormitorios · 3 Estacionamientos
149429750,https://urbania.pe/inmueble/clasificado/veclapin-venta-de-departamento-en-santiago-de-surco-lima-3-dormitorios-149429750?n_src=Listado&n_pills=Seguridad&n_pg=5&n_pos=21,2026-05-18,santiago-de-surco,urbania,877711.0,258150.0,,123,3.0,3.0,1.0,Avenida Circunvalacion Golf de los Incas al 200,Santiago de Surco,Lima,1,Departamento · 123m² · 3 Dormitorios · 1 Estacionamiento
149661984,https://urbania.pe/inmueble/clasificado/veclapin-venta-de-departamento-en-sagitario-santiago-de-surco-1-dormitorio-149661984?n_src=Listado&n_pills=Cuartos+de+servicio&n_pg=5&n_pos=22,2026-05-18,santiago-de-surco,urbania,284400.0,79000.0,250.0,55,1.0,1.0,,Av Las Gaviotas 2121,Sagitario,Santiago de Surco,1,Departamento · 55m² · 1 Dormitorio
148545490,https://urbania.pe/inmueble/clasificado/veclapin-venta-de-departamento-en-santiago-de-surco-lima-4-dormitorios-148545490?n_src=Listado&n_pills=%C3%81rea+de+lavander%C3%ADa&n_pg=5&n_pos=23,2026-05-18,santiago-de-surco,urbania,1005120.0,287000.0,,154,4.0,4.0,2.0,Ernesto Cardenas Santiago de Surco,Santiago de Surco,Lima,1,Departamento · 154m² · 4 Dormitorios · 2 Estacionamientos
148434630,https://urbania.pe/inmueble/clasificado/veclapin-venta-de-departamento-en-neptuno-santiago-de-surco-3-dormitorios-148434630?n_src=Listado&n_pills=Gimnasio&n_pg=5&n_pos=24,2026-05-18,santiago-de-surco,urbania,858301.0,231348.0,250.0,118,3.0,2.0,1.0,Calle Mar Java Mz. O Lt. 3 Neptuno Santiago de Surco,Neptuno,Santiago de Surco,1,Departamento · 118m² · 3 Dormitorios · 1 Estacionamiento
148972406,https://urbania.pe/inmueble/clasificado/veclapin-venta-de-departamento-en-santiago-de-surco-lima-2-dormitorios-148972406?n_src=Listado&n_pills=Seguridad&n_pg=5&n_pos=25,2026-05-18,santiago-de-surco,urbania,234600.0,69000.0,,55,2.0,1.0,,Jirón Doña Delmira,Santiago de Surco,Lima,1,Departamento · 55m² · 2 Dormitorios
148813594,https://urbania.pe/inmueble/clasificado/veclapin-venta-de-departamento-en-chacarilla-del-estanque-santiago-de-surco-1-dormitorio-148813594?n_src=Listado&n_pills=%C3%81rea+de+lavander%C3%ADa&n_pg=5&n_pos=26,2026-05-18,santiago-de-surco,urbania,763000.0,218000.0,,104,1.0,1.0,2.0,Av. Alejandro Velasco Astete 1153,Chacarilla Del Estanque,Santiago de Surco,1,Departamento · 104m² · 1 Dormitorio · 2 Estacionamientos
149435023,https://urbania.pe/inmueble/clasificado/veclapin-venta-de-departamento-en-chacarilla-del-estanque-santiago-de-surco-2-dormitorios-149435023?n_src=Listado&n_pills=Seguridad&n_pg=5&n_pos=27,2026-05-18,santiago-de-surco,urbania,774500.0,224500.0,,133,2.0,3.0,1.0,"Monte Claro 129 con 133m2, 2 Dormitorios y 01 Cochera!",Chacarilla Del Estanque,Santiago de Surco,1,Departamento · 133m² · 2 Dormitorios · 1 Estacionamiento
149485129,https://urbania.pe/inmueble/clasificado/veclapin-venta-de-departamento-en-santiago-de-surco-lima-3-dormitorios-149485129?n_src=Listado&n_pills=%C3%81rea+de+lavander%C3%ADa&n_pg=5&n_pos=28,2026-05-18,santiago-de-surco,urbania,410400.0,120000.0,200.0,77,3.0,2.0,1.0,Santo Cristo al 100,Santiago de Surco,Lima,1,Departamento · 77m² · 3 Dormitorios · 1 Estacionamiento
149791084,https://urbania.pe/inmueble/clasificado/veclapin-venta-de-departamento-en-tambo-real-santiago-de-surco-3-dormitorios-149791084?n_src=Listado&n_pills=%C3%81rea+de+lavander%C3%ADa&n_pg=5&n_pos=29,2026-05-18,santiago-de-surco,urbania,478800.0,140000.0,100.0,75,3.0,2.0,,Tambo Real al 200,Tambo Real,Santiago de Surco,1,Departamento · 75m² · 3 Dormitorios
149242541,https://urbania.pe/inmueble/clasificado/veclapin-venta-de-departamento-en-higuereta-santiago-de-surco-5-a-mas-dormitorios-149242541?n_src=Listado&n_pills=%C3%81rea+de+lavander%C3%ADa&n_pg=5&n_pos=30,2026-05-18,santiago-de-surco,urbania,949900.0,,300.0,136,5.0,3.0,1.0,Calle Jose Maria Quiroga  al 300,Higuereta,Santiago de Surco,1,Departamento · 136m² · 5 Dormitorios · 1 Estacionamiento
149495906,https://urbania.pe/inmueble/clasificado/veclapin-venta-de-departamento-en-santiago-de-surco-lima-3-dormitorios-149495906?n_src=Listado&n_pills=Guardian%C3%ADa%2FSeguridad+privada&n_pg=6&n_pos=1,2026-05-18,santiago-de-surco,urbania,977000.0,292000.0,,104,3.0,2.0,,Departamento de 3 Dormitorios en Surco Cerca a Av. Velasco Astete Cerca al Parque La Floresta,Santiago de Surco,Lima,10,Departamento · 104m² · 3 Dormitorios
149377873,https://urbania.pe/inmueble/clasificado/veclapin-venta-de-departamento-en-santiago-de-surco-lima-2-dormitorios-149377873?n_src=Listado&n_pills=Guardian%C3%ADa%2FSeguridad+privada&n_pg=6&n_pos=2,2026-05-18,santiago-de-surco,urbania,543000.0,157391.0,,60,2.0,2.0,,Av. Manuel Olguín al 400,Santiago de Surco,Lima,10,Departamento · 60m² · 2 Dormitorios
149685457,https://urbania.pe/inmueble/clasificado/veclapin-venta-de-departamento-en-cruz-de-surco-santiago-de-surco-1-dormitorio-149685457?n_src=Listado&n_pills=Guardian%C3%ADa%2FSeguridad+privada&n_pg=6&n_pos=3,2026-05-18,santiago-de-surco,urbania,258260.0,74000.0,,45,1.0,1.0,,"Calle Combate de Abtao 185, Santiago de Surco",Cruz De Surco,Santiago de Surco,10,Departamento · 45m² · 1 Dormitorio
149773405,https://urbania.pe/inmueble/clasificado/veclapin-venta-de-departamento-en-valle-hermoso-residencial-santiago-de-surco-2-dormitorios-149773405?n_src=Listado&n_pills=Seguridad&n_pg=6&n_pos=4,2026-05-18,santiago-de-surco,urbania,778600.0,229000.0,500.0,122,2.0,2.0,1.0,Jr. Jacarandá,Valle Hermoso Residencial,Santiago de Surco,10,Departamento · 82m² · 2 Dormitorios · 1 Estacionamiento
149501671,https://urbania.pe/inmueble/clasificado/veclapin-venta-de-departamento-en-santiago-de-surco-lima-3-dormitorios-149501671?n_src=Listado&n_pills=%C3%81rea+de+lavander%C3%ADa&n_pg=6&n_pos=5,2026-05-18,santiago-de-surco,urbania,539805.0,157000.0,,99,3.0,2.0,,"Cristóbal de Peralta al 699, Surco",Santiago de Surco,Lima,1,Departamento · 99m² · 3 Dormitorios
148521934,https://urbania.pe/inmueble/clasificado/veclapin-venta-de-departamento-en-chacarilla-del-estanque-santiago-de-surco-3-dormitorios-148521934?n_src=Listado&n_pills=%C3%81rea+de+lavander%C3%ADa&n_pg=6&n_pos=6,2026-05-18,santiago-de-surco,urbania,917600.0,248000.0,,125,3.0,3.0,2.0,Avenida Velasco Astete,Chacarilla Del Estanque,Santiago de Surco,1,Departamento · 125m² · 3 Dormitorios · 2 Estacionamientos
149206828,https://urbania.pe/inmueble/clasificado/veclapin-venta-de-departamento-en-las-casuarinas-alta-santiago-de-surco-3-dormitorios-149206828?n_src=Listado&n_pills=Cuartos+de+servicio&n_pg=6&n_pos=7,2026-05-18,santiago-de-surco,urbania,962500.0,275000.0,600.0,164,3.0,3.0,1.0,Calle las Campanillas  Casuarinas Surco,Las Casuarinas Alta,Santiago de Surco,1,Departamento · 164m² · 3 Dormitorios · 1 Estacionamiento
147401059,https://urbania.pe/inmueble/clasificado/veclapin-venta-de-departamento-en-santiago-de-surco-lima-3-dormitorios-147401059?n_src=Listado&n_pills=%C3%81rea+de+lavander%C3%ADa&n_pg=6&n_pos=8,2026-05-18,santiago-de-surco,urbania,413500.0,116150.0,220.0,81,3.0,2.0,,Jr. Combate Iquique 200,Santiago de Surco,Lima,1,Departamento · 81m² · 3 Dormitorios
148008884,https://urbania.pe/inmueble/clasificado/veclapin-venta-de-departamento-en-valle-hermoso-santiago-de-surco-4-dormitorios-148008884?n_src=Listado&n_pills=%C3%81rea+de+lavander%C3%ADa&n_pg=6&n_pos=9,2026-05-18,santiago-de-surco,urbania,1932000.0,575000.0,900.0,353,4.0,4.0,2.0,Calle Las Acacias  al 100,Valle Hermoso,Santiago de Surco,1,Departamento · 227m² · 4 Dormitorios · 2 Estacionamientos
149154613,https://urbania.pe/inmueble/clasificado/veclapin-venta-de-departamento-en-santiago-de-surco-lima-2-dormitorios-149154613?n_src=Listado&n_pills=Parrilla&n_pg=6&n_pos=10,2026-05-18,santiago-de-surco,urbania,,,,71,2.0,2.0,,jr. Escorial   al 200,Santiago de Surco,Lima,1,Departamento · 71m² · 2 Dormitorios
147917254,https://urbania.pe/inmueble/clasificado/veclapin-venta-de-departamento-en-valle-hermoso-santiago-de-surco-2-dormitorios-147917254?n_src=Listado&n_pills=Seguridad&n_pg=6&n_pos=11,2026-05-18,santiago-de-surco,urbania,1195728.0,348000.0,750.0,216,2.0,2.0,2.0,"Valle Hermoso, Surco Duplex 2 Dormitorios Vista Externa NO Paga Alcabala CON Doble Teerraza",Valle Hermoso,Santiago de Surco,1,Departamento · 142m² · 2 Dormitorios · 2 Estacionamientos
148799507,https://urbania.pe/inmueble/clasificado/veclapin-venta-de-departamento-en-las-casuarinas-santiago-de-surco-3-dormitorios-148799507?n_src=Listado&n_pills=Seguridad&n_pg=6&n_pos=12,2026-05-18,santiago-de-surco,urbania,665000.0,190000.0,,127,3.0,2.0,2.0,Los Crisantemos 110,Las Casuarinas,Santiago de Surco,1,Departamento · 127m² · 3 Dormitorios · 2 Estacionamientos
146933136,https://urbania.pe/inmueble/clasificado/veclapin-venta-de-departamento-en-el-polo-santiago-de-surco-3-dormitorios-146933136?n_src=Listado&n_pills=Piscina&n_pg=6&n_pos=13,2026-05-18,santiago-de-surco,urbania,825256.0,239900.0,480.0,158,3.0,3.0,1.0,Avenida El Polo  al 700,El Polo,Santiago de Surco,1,Departamento · 158m² · 3 Dormitorios · 1 Estacionamiento
149452795,https://urbania.pe/inmueble/clasificado/veclapin-venta-de-departamento-en-valle-hermoso-santiago-de-surco-4-dormitorios-149452795?n_src=Listado&n_pills=Jard%C3%ADn&n_pg=6&n_pos=14,2026-05-18,santiago-de-surco,urbania,891800.0,260000.0,500.0,137,4.0,3.0,2.0,AV Jacaranda  al 100,Valle Hermoso,Santiago de Surco,1,Departamento · 137m² · 4 Dormitorios · 2 Estacionamientos
149645352,https://urbania.pe/inmueble/clasificado/veclapin-venta-de-departamento-en-liguria-santiago-de-surco-3-dormitorios-149645352?n_src=Listado&n_pills=%C3%81rea+de+lavander%C3%ADa&n_pg=6&n_pos=15,2026-05-18,santiago-de-surco,urbania,493350.0,143000.0,120.0,97,3.0,2.0,1.0,Jirón Guillermo Perata,Liguria,Santiago de Surco,1,Departamento · 97m² · 3 Dormitorios · 1 Estacionamiento
149535249,https://urbania.pe/inmueble/clasificado/veclapin-venta-de-departamento-en-chacarilla-del-estanque-este-santiago-de-surco-3-dormitorios-149535249?n_src=Listado&n_pills=Guardian%C3%ADa%2FSeguridad+privada&n_pg=6&n_pos=16,2026-05-18,santiago-de-surco,urbania,1341662.0,398900.0,750.0,204,3.0,4.0,3.0,Reynaldo Vivanco al 200,Chacarilla Del Estanque Este,Santiago de Surco,1,Departamento · 204m² · 3 Dormitorios · 3 Estacionamientos
147855165,https://urbania.pe/inmueble/clasificado/veclapin-venta-de-departamento-en-valle-hermoso-residencial-etapa-ii-santiago-de-surco-3-dormitorios-147855165?n_src=Listado&n_pills=%C3%81rea+de+lavander%C3%ADa&n_pg=6&n_pos=17,2026-05-18,santiago-de-surco,urbania,1213420.0,359000.0,380.0,300,3.0,4.0,2.0,Calle Los Granados 141,Valle Hermoso Residencial Etapa Ii,Santiago de Surco,1,Departamento · 300ha · 3 Dormitorios · 2 Estacionamientos
148571531,https://urbania.pe/inmueble/clasificado/veclapin-venta-de-departamento-en-santiago-de-surco-lima-2-dormitorios-148571531?n_src=Listado&n_pills=Guardian%C3%ADa%2FSeguridad+privada&n_pg=6&n_pos=18,2026-05-18,santiago-de-surco,urbania,1003400.0,290000.0,,191,2.0,3.0,1.0,Jr Juan de Rada  al 300,Santiago de Surco,Lima,1,Departamento · 126m² · 2 Dormitorios · 1 Estacionamiento
149652736,https://urbania.pe/inmueble/clasificado/veclapin-venta-de-departamento-en-santiago-de-surco-lima-1-dormitorio-149652736?n_src=Listado&n_pills=%C3%81rea+de+lavander%C3%ADa&n_pg=6&n_pos=19,2026-05-18,santiago-de-surco,urbania,462300.0,134000.0,,40,1.0,1.0,1.0,Manuel Olguin al 400,Santiago de Surco,Lima,1,Departamento · 40m² · 1 Dormitorio · 1 Estacionamiento
149747643,https://urbania.pe/inmueble/clasificado/veclapin-venta-de-departamento-en-las-colinas-de-monterrico-santiago-de-surco-3-dormitorios-149747643?n_src=Listado&n_pills=Cuartos+de+servicio&n_pg=6&n_pos=20,2026-05-18,santiago-de-surco,urbania,837000.0,239000.0,300.0,135,3.0,2.0,2.0,Alonso de Molina Esquina con Paramonga,Las Colinas De Monterrico,Santiago de Surco,1,Departamento · 135m² · 3 Dormitorios · 2 Estacionamientos
148517378,https://urbania.pe/inmueble/clasificado/veclapin-venta-de-departamento-en-santiago-de-surco-lima-3-dormitorios-148517378?n_src=Listado&n_pills=%C3%81rea+de+lavander%C3%ADa&n_pg=6&n_pos=21,2026-05-18,santiago-de-surco,urbania,705000.0,202000.0,350.0,151,3.0,2.0,1.0,el cascajal 162,Santiago de Surco,Lima,1,Departamento · 151m² · 3 Dormitorios · 1 Estacionamiento
149047845,https://urbania.pe/inmueble/clasificado/veclapin-venta-de-departamento-en-cerros-de-camacho-santiago-de-surco-4-dormitorios-149047845?n_src=Listado&n_pills=%C3%81rea+de+lavander%C3%ADa&n_pg=6&n_pos=22,2026-05-18,santiago-de-surco,urbania,2720000.0,800000.0,1500.0,401,4.0,4.0,5.0,Avenida Cerros de Camacho,Cerros De Camacho,Santiago de Surco,1,Departamento · 401m² · 4 Dormitorios · 5 Estacionamientos
149831694,https://urbania.pe/inmueble/clasificado/veclapin-venta-de-departamento-en-cerros-de-camacho-santiago-de-surco-4-dormitorios-149831694?n_src=Listado&n_pills=Guardian%C3%ADa%2FSeguridad+privada&n_pg=6&n_pos=23,2026-05-18,santiago-de-surco,urbania,2233000.0,650000.0,2400.0,420,4.0,4.0,3.0,Cerros de Camacho,Cerros De Camacho,Santiago de Surco,1,Departamento · 420m² · 4 Dormitorios · 3 Estacionamientos
149725089,https://urbania.pe/inmueble/clasificado/veclapin-venta-de-departamento-en-santiago-de-surco-lima-3-dormitorios-149725089?n_src=Listado&n_pills=Cuartos+de+servicio&n_pg=6&n_pos=24,2026-05-18,santiago-de-surco,urbania,658240.0,187000.0,,134,3.0,4.0,1.0,Jr. Forestales Urb. Los Álamos de Monterrico al 300,Santiago de Surco,Lima,1,Departamento · 134m² · 3 Dormitorios · 1 Estacionamiento
148718233,https://urbania.pe/inmueble/clasificado/veclapin-venta-de-departamento-en-santiago-de-surco-lima-4-dormitorios-148718233?n_src=Listado&n_pills=Parrilla&n_pg=6&n_pos=25,2026-05-18,santiago-de-surco,urbania,620000.0,195608.0,,134,4.0,3.0,1.0,"Paseo de la Castellana, Condominio El Mirador.",Santiago de Surco,Lima,1,Departamento · 97m² · 4 Dormitorios · 1 Estacionamiento
147856753,https://urbania.pe/inmueble/clasificado/veclapin-venta-de-departamento-en-cruz-de-surco-santiago-de-surco-3-dormitorios-147856753?n_src=Listado&n_pills=Seguridad&n_pg=6&n_pos=26,2026-05-18,santiago-de-surco,urbania,429000.0,127000.0,200.0,74,3.0,2.0,,Jiron Combate de Angamos  Santiago de Surco,Cruz De Surco,Santiago de Surco,1,Departamento · 74ha · 3 Dormitorios
149538089,https://urbania.pe/inmueble/clasificado/veclapin-venta-de-departamento-en-las-casuarinas-santiago-de-surco-4-dormitorios-149538089?n_src=Listado&n_pills=%C3%81rea+de+lavander%C3%ADa&n_pg=6&n_pos=27,2026-05-18,santiago-de-surco,urbania,781660.0,229900.0,,140,4.0,4.0,1.0,Calle Las Violetas-casuarinas Cerca a Plaza Vea de Valle Hermoso,Las Casuarinas,Santiago de Surco,1,Departamento · 140m² · 4 Dormitorios · 1 Estacionamiento
148690198,https://urbania.pe/inmueble/clasificado/veclapin-venta-de-departamento-en-higuereta-santiago-de-surco-3-dormitorios-148690198?n_src=Listado&n_pills=%C3%81rea+de+lavander%C3%ADa&n_pg=6&n_pos=28,2026-05-18,santiago-de-surco,urbania,804000.0,238000.0,400.0,108,3.0,2.0,,Av. Valles del Sur,Higuereta,Santiago de Surco,1,Departamento · 108m² · 3 Dormitorios
149042568,https://urbania.pe/inmueble/clasificado/veclapin-venta-de-departamento-en-cerros-de-camacho-santiago-de-surco-3-dormitorios-149042568?n_src=Listado&n_pills=Seguridad&n_pg=6&n_pos=29,2026-05-18,santiago-de-surco,urbania,992000.0,290000.0,838.0,164,3.0,3.0,1.0,Cerros de Camacho  600,Cerros De Camacho,Santiago de Surco,1,Departamento · 164m² · 3 Dormitorios · 1 Estacionamiento
149404894,https://urbania.pe/inmueble/clasificado/veclapin-venta-de-departamento-en-santiago-de-surco-lima-4-dormitorios-149404894?n_src=Listado&n_pills=Parrilla&n_pg=6&n_pos=30,2026-05-18,santiago-de-surco,urbania,456300.0,135000.0,,84,4.0,2.0,1.0,"Departamento Semi Amoblado en Venta, Surco Límite con Chorrillos",Santiago de Surco,Lima,1,Departamento · 84m² · 4 Dormitorios · 1 Estacionamiento
149295105,https://urbania.pe/inmueble/clasificado/veclapin-venta-de-departamento-en-santiago-de-surco-lima-3-dormitorios-149295105?n_src=Listado&n_pills=Seguridad&n_pg=7&n_pos=3,2026-05-18,santiago-de-surco,urbania,1055000.0,311000.0,,184,3.0,3.0,,Alameda del Crepúsculo,Santiago de Surco,Lima,10,Departamento · 184m² · 3 Dormitorios
149741283,https://urbania.pe/inmueble/clasificado/veclapin-venta-de-departamento-en-santiago-de-surco-lima-2-dormitorios-149741283?n_src=Listado&n_pills=Cuartos+de+servicio&n_pg=7&n_pos=6,2026-05-18,santiago-de-surco,urbania,499000.0,,,87,2.0,2.0,1.0,Venta de Departamento en Surco -  Ca. Roca David Cdra. 1 - Alt Cdra 11 de Av. Ayacucho Ic-1245-1 /  01305,Santiago de Surco,Lima,1,Departamento · 87m² · 2 Dormitorios · 1 Estacionamiento
149471550,https://urbania.pe/inmueble/clasificado/veclapin-venta-de-departamento-en-santiago-de-surco-lima-3-dormitorios-149471550?n_src=Listado&n_pills=%C3%81rea+de+lavander%C3%ADa&n_pg=7&n_pos=9,2026-05-18,santiago-de-surco,urbania,328000.0,93800.0,180.0,145,3.0,2.0,,Tacama  100,Santiago de Surco,Lima,1,Departamento · 73m² · 3 Dormitorios
148512051,https://urbania.pe/inmueble/clasificado/veclapin-venta-de-departamento-en-los-pinos-de-monterrico-chico-santiago-de-surco-4-dormitorios-148512051?n_src=Listado&n_pills=%C3%81rea+de+lavander%C3%ADa&n_pg=7&n_pos=11,2026-05-18,santiago-de-surco,urbania,962500.0,275000.0,,242,4.0,1.0,2.0,Jirón Las Fresias 235,Los Pinos De Monterrico Chico,Santiago de Surco,1,Departamento · 124m² · 4 Dormitorios · 2 Estacionamientos
149791092,https://urbania.pe/inmueble/clasificado/veclapin-venta-de-departamento-en-santiago-de-surco-lima-3-dormitorios-149791092?n_src=Listado&n_pills=Seguridad&n_pg=7&n_pos=13,2026-05-18,santiago-de-surco,urbania,335000.0,100000.0,215.0,75,3.0,2.0,,Calle 6  al 100,Santiago de Surco,Lima,1,Departamento · 75m² · 3 Dormitorios
149379953,https://urbania.pe/inmueble/clasificado/veclapin-venta-de-departamento-en-santiago-de-surco-lima-1-dormitorio-149379953?n_src=Listado&n_pills=Seguridad&n_pg=7&n_pos=16,2026-05-18,santiago-de-surco,urbania,462000.0,135882.0,,42,1.0,1.0,,Departamento en Surco con Balcón Cerca a Av. República de Panamá,Santiago de Surco,Lima,1,Departamento · 42m² · 1 Dormitorio
146878202,https://urbania.pe/inmueble/clasificado/veclapin-venta-de-departamento-en-valle-hermoso-santiago-de-surco-3-dormitorios-146878202?n_src=Listado&n_pills=%C3%81rea+de+lavander%C3%ADa&n_pg=7&n_pos=21,2026-05-18,santiago-de-surco,urbania,945000.0,270000.0,600.0,179,3.0,2.0,2.0,Jr. Pucala Valle Hermoso Surco,Valle Hermoso,Santiago de Surco,1,Departamento · 153m² · 3 Dormitorios · 2 Estacionamientos
149222583,https://urbania.pe/inmueble/clasificado/veclapin-venta-de-departamento-en-los-granados-santiago-de-surco-3-dormitorios-149222583?n_src=Listado&n_pills=Parrilla&n_pg=7&n_pos=22,2026-05-18,santiago-de-surco,urbania,1767320.0,518900.0,,412,3.0,3.0,3.0,JR. Cruz DEL SUR  al 300,Los Granados,Santiago de Surco,1,Departamento · 268m² · 3 Dormitorios · 3 Estacionamientos
3878055,https://urbania.pe/inmueble/clasificado/veclapin-venta-de-departamento-en-cerros-de-camacho-santiago-de-surco-4-dormitorios-3878055?n_src=Listado&n_pills=Seguridad&n_pg=7&n_pos=25,2026-05-18,santiago-de-surco,urbania,1909500.0,570000.0,800.0,315,4.0,3.0,2.0,CERROS DE CAMACHO 4,Cerros De Camacho,Santiago de Surco,1,Departamento · 300m² · 4 Dormitorios · 2 Estacionamientos
149791094,https://urbania.pe/inmueble/clasificado/veclapin-venta-de-departamento-en-valle-hermoso-residencial-santiago-de-surco-3-dormitorios-149791094?n_src=Listado&n_pills=%C3%81rea+de+lavander%C3%ADa&n_pg=7&n_pos=27,2026-05-18,santiago-de-surco,urbania,1162000.0,345000.0,650.0,171,3.0,,2.0,Jacaranda  al 400,Valle Hermoso Residencial,Santiago de Surco,1,Departamento · 126m² · 3 Dormitorios · 2 Estacionamientos
149561056,https://urbania.pe/inmueble/clasificado/veclapin-venta-de-departamento-en-chama-santiago-de-surco-3-dormitorios-149561056?n_src=Listado&n_pills=%C3%81rea+de+lavander%C3%ADa&n_pg=7&n_pos=29,2026-05-18,santiago-de-surco,urbania,763950.0,231500.0,400.0,127,3.0,3.0,2.0,Jirón Grimaldo Reategui del Aguila 323,Chama,Santiago de Surco,1,Departamento · 127m² · 3 Dormitorios · 2 Estacionamientos
149097637,https://urbania.pe/inmueble/clasificado/veclapin-venta-de-departamento-en-santiago-de-surco-lima-3-dormitorios-149097637?n_src=Listado&n_pg=8&n_pos=1,2026-05-18,santiago-de-surco,urbania,798000.0,228000.0,,124,3.0,2.0,2.0,Av De Los Ingenieros 260,Santiago de Surco,Lima,10,Departamento · 124m² · 3 Dormitorios · 2 Estacionamientos
149843514,https://urbania.pe/inmueble/clasificado/veclapin-venta-de-departamento-en-santiago-de-surco-lima-3-dormitorios-149843514?n_src=Listado&n_pg=8&n_pos=2,2026-05-18,santiago-de-surco,urbania,748000.0,220000.0,,90,3.0,2.0,1.0,Jr.  Cineraria 584,Santiago de Surco,Lima,10,Departamento · 90m² · 3 Dormitorios · 1 Estacionamiento
149490699,https://urbania.pe/inmueble/clasificado/veclapin-venta-de-departamento-en-sagitario-santiago-de-surco-3-dormitorios-149490699?n_src=Listado&n_pills=Parrilla&n_pg=8&n_pos=4,2026-05-18,santiago-de-surco,urbania,260000.0,76696.0,250.0,65,3.0,2.0,,Jirón Juno 184 - a Minutos del Óvalo de la Curva,Sagitario,Santiago de Surco,10,Departamento · 65m² · 3 Dormitorios
149352471,https://urbania.pe/inmueble/clasificado/veclapin-venta-de-departamento-en-chacarilla-del-estanque-santiago-de-surco-3-dormitorios-149352471?n_src=Listado&n_pills=%C3%81rea+de+lavander%C3%ADa&n_pg=8&n_pos=5,2026-05-18,santiago-de-surco,urbania,1573200.0,460000.0,750.0,220,3.0,3.0,2.0,Jirón Monte Blanco,Chacarilla Del Estanque,Santiago de Surco,1,Departamento · 178m² · 3 Dormitorios · 2 Estacionamientos
148169947,https://urbania.pe/inmueble/clasificado/veclapin-venta-de-departamento-en-santiago-de-surco-lima-4-dormitorios-148169947?n_src=Listado&n_pills=%C3%81rea+de+lavander%C3%ADa&n_pg=8&n_pos=7,2026-05-18,santiago-de-surco,urbania,595000.0,,180.0,214,4.0,2.0,,"Jr. Cahuide 262, Surco",Santiago de Surco,Lima,1,Departamento · 107m² · 4 Dormitorios
148514228,https://urbania.pe/inmueble/clasificado/veclapin-venta-de-departamento-en-higuereta-santiago-de-surco-3-dormitorios-148514228?n_src=Listado&n_pills=%C3%81rea+de+lavander%C3%ADa&n_pg=8&n_pos=9,2026-05-18,santiago-de-surco,urbania,910000.0,260000.0,,167,3.0,3.0,2.0,Jr. Pisac 222,Higuereta,Santiago de Surco,1,Departamento · 167m² · 3 Dormitorios · 2 Estacionamientos
147397789,https://urbania.pe/inmueble/clasificado/veclapin-venta-de-departamento-en-santiago-de-surco-lima-3-dormitorios-147397789?n_src=Listado&n_pills=Jard%C3%ADn&n_pg=8&n_pos=11,2026-05-18,santiago-de-surco,urbania,413000.0,116000.0,220.0,81,3.0,2.0,,Jr. Combate Iquique 200,Santiago de Surco,Lima,1,Departamento · 81m² · 3 Dormitorios
149831648,https://urbania.pe/inmueble/clasificado/veclapin-venta-de-departamento-en-cruz-de-surco-santiago-de-surco-3-dormitorios-149831648?n_src=Listado&n_pills=%C3%81rea+de+lavander%C3%ADa&n_pg=8&n_pos=12,2026-05-18,santiago-de-surco,urbania,403650.0,117000.0,,79,3.0,2.0,,Calle Combate de Abtao 185,Cruz De Surco,Santiago de Surco,1,Departamento · 79m² · 3 Dormitorios
149495872,https://urbania.pe/inmueble/clasificado/veclapin-venta-de-departamento-en-las-casuarinas-santiago-de-surco-4-dormitorios-149495872?n_src=Listado&n_pills=Seguridad&n_pg=8&n_pos=22,2026-05-18,santiago-de-surco,urbania,1132000.0,328115.0,,169,4.0,3.0,,"Amplio Dúplex en Las Casuarinas, 169 m², con Vista Interior, Excelente Distribución y Gran Iluminación Natural - Jr Jacarandá  al 100",Las Casuarinas,Santiago de Surco,1,Departamento · 125m² · 4 Dormitorios
149145332,https://urbania.pe/inmueble/clasificado/veclapin-venta-de-departamento-en-cerros-de-camacho-santiago-de-surco-3-dormitorios-149145332?n_src=Listado&n_pills=%C3%81rea+de+lavander%C3%ADa&n_pg=8&n_pos=25,2026-05-18,santiago-de-surco,urbania,1328250.0,385000.0,1000.0,250,3.0,3.0,2.0,cerros de camacho,Cerros De Camacho,Santiago de Surco,1,Departamento · 250m² · 3 Dormitorios · 2 Estacionamientos
148922453,https://urbania.pe/inmueble/clasificado/veclapin-venta-de-departamento-en-higuereta-santiago-de-surco-3-dormitorios-148922453?n_src=Listado&n_pg=8&n_pos=26,2026-05-18,santiago-de-surco,urbania,770000.0,,,132,3.0,2.0,,LA CORUÑA,Higuereta,Santiago de Surco,1,Departamento · 132m² · 3 Dormitorios
149552726,https://urbania.pe/inmueble/clasificado/veclapin-venta-de-departamento-en-los-huertos-de-surco-santiago-de-surco-3-dormitorios-149552726?n_src=Listado&n_pills=Guardian%C3%ADa%2FSeguridad+privada&n_pg=8&n_pos=27,2026-05-18,santiago-de-surco,urbania,1311000.0,380000.0,500.0,311,3.0,3.0,2.0,Alonso de Molina al 748,Los Huertos De Surco,Santiago de Surco,1,Departamento · 210m² · 3 Dormitorios · 2 Estacionamientos
148589287,https://urbania.pe/inmueble/clasificado/veclapin-venta-de-departamento-en-santiago-de-surco-lima-3-dormitorios-148589287?n_src=Listado&n_pills=Seguridad&n_pg=8&n_pos=28,2026-05-18,santiago-de-surco,urbania,1206810.0,349800.0,850.0,253,3.0,3.0,2.0,"Precursores Cuadra 3, Esquina Cerca a Chacarilla",Santiago de Surco,Lima,1,Departamento · 250m² · 3 Dormitorios · 2 Estacionamientos
148752242,https://urbania.pe/inmueble/clasificado/veclapin-venta-de-departamento-en-santiago-de-surco-lima-2-dormitorios-148752242?n_src=Listado&n_pills=Piscina&n_pg=8&n_pos=29,2026-05-18,santiago-de-surco,urbania,724500.0,210000.0,415.0,65,2.0,2.0,1.0,Av EL POLO 703 - 707,Santiago de Surco,Lima,1,Departamento · 65m² · 2 Dormitorios · 1 Estacionamiento
149429050,https://urbania.pe/inmueble/clasificado/veclapin-venta-de-departamento-en-valle-hermoso-santiago-de-surco-3-dormitorios-149429050?n_src=Listado&n_pills=Cuartos+de+servicio&n_pg=8&n_pos=30,2026-05-18,santiago-de-surco,urbania,935000.0,275000.0,420.0,153,3.0,2.0,2.0,Jr Los Laureles - Chacarilla Surco,Valle Hermoso,Santiago de Surco,1,Departamento · 153m² · 3 Dormitorios · 2 Estacionamientos
149697831,https://urbania.pe/inmueble/clasificado/veclapin-venta-de-departamento-en-valle-hermoso-oeste-santiago-de-surco-3-dormitorios-149697831?n_src=Listado&n_pills=Guardian%C3%ADa%2FSeguridad+privada&n_pg=9&n_pos=1,2026-05-18,santiago-de-surco,urbania,945200.0,278000.0,380.0,130,3.0,3.0,2.0,Pancho Fierro,Valle Hermoso Oeste,Santiago de Surco,10,Departamento · 130m² · 3 Dormitorios · 2 Estacionamientos
149826531,https://urbania.pe/inmueble/clasificado/veclapin-venta-de-departamento-en-valle-hermoso-oeste-santiago-de-surco-3-dormitorios-149826531?n_src=Listado&n_pills=Cuartos+de+servicio&n_pg=9&n_pos=2,2026-05-18,santiago-de-surco,urbania,982600.0,289000.0,250.0,184,3.0,2.0,1.0,Av. de los Precursores,Valle Hermoso Oeste,Santiago de Surco,10,Departamento · 134m² · 3 Dormitorios · 1 Estacionamiento
148820902,https://urbania.pe/inmueble/clasificado/veclapin-venta-de-departamento-en-los-jazmines-santiago-de-surco-4-dormitorios-148820902?n_src=Listado&n_pills=Guardian%C3%ADa%2FSeguridad+privada&n_pg=9&n_pos=3,2026-05-18,santiago-de-surco,urbania,1172500.0,350000.0,600.0,214,4.0,4.0,2.0,URBANIZACION LOS JAZMINES,Los Jazmines,Santiago de Surco,10,Departamento · 214m² · 4 Dormitorios · 2 Estacionamientos
146445914,https://urbania.pe/inmueble/clasificado/veclapin-venta-de-departamento-en-chacarilla-del-estanque-santiago-de-surco-3-dormitorios-146445914?n_src=Listado&n_pills=%C3%81rea+de+lavander%C3%ADa&n_pg=9&n_pos=4,2026-05-18,santiago-de-surco,urbania,863000.0,,,103,3.0,2.0,,Calle Monte Sierpe 1xx,Chacarilla Del Estanque,Santiago de Surco,10,Departamento · 103m² · 3 Dormitorios
147734644,https://urbania.pe/inmueble/clasificado/veclapin-venta-de-departamento-en-monterrico-santiago-de-surco-4-dormitorios-147734644?n_src=Listado&n_pills=%C3%81rea+de+lavander%C3%ADa&n_pg=9&n_pos=5,2026-05-18,santiago-de-surco,urbania,3794400.0,1054000.0,800.0,441,4.0,4.0,3.0,Calle Vía Lactea al 200,Monterrico,Santiago de Surco,1,Departamento · 336m² · 4 Dormitorios · 3 Estacionamientos
149702826,https://urbania.pe/inmueble/clasificado/veclapin-venta-de-departamento-en-santiago-de-surco-lima-4-dormitorios-149702826?n_src=Listado&n_pills=%C3%81rea+de+lavander%C3%ADa&n_pg=9&n_pos=6,2026-05-18,santiago-de-surco,urbania,1020000.0,300000.0,,192,4.0,2.0,1.0,Av. Mariscal Ramón Castilla 233,Santiago de Surco,Lima,1,Departamento · 160m² · 4 Dormitorios · 1 Estacionamiento
149590128,https://urbania.pe/inmueble/clasificado/veclapin-venta-de-departamento-en-el-derby-santiago-de-surco-2-dormitorios-149590128?n_src=Listado&n_pills=Cerca+a+colegios&n_pg=9&n_pos=7,2026-05-18,santiago-de-surco,urbania,538650.0,157500.0,,124,2.0,2.0,2.0,Santiago deSuco,El Derby,Santiago de Surco,1,Departamento · 99m² · 2 Dormitorios · 2 Estacionamientos
148219069,https://urbania.pe/inmueble/clasificado/veclapin-venta-de-departamento-en-santiago-de-surco-lima-3-dormitorios-148219069?n_src=Listado&n_pills=Guardian%C3%ADa%2FSeguridad+privada&n_pg=9&n_pos=8,2026-05-18,santiago-de-surco,urbania,635000.0,185000.0,360.0,105,3.0,3.0,2.0,Av. El Derby 575,Santiago de Surco,Lima,1,Departamento · 105m² · 3 Dormitorios · 2 Estacionamientos
149812222,https://urbania.pe/inmueble/clasificado/veclapin-venta-de-departamento-en-santa-teresa-santiago-de-surco-3-dormitorios-149812222?n_src=Listado&n_pills=Guardian%C3%ADa%2FSeguridad+privada&n_pg=9&n_pos=9,2026-05-18,santiago-de-surco,urbania,749100.0,227000.0,435.0,140,3.0,4.0,1.0,Avenida Coronel Reynaldo Vivanco,Santa Teresa,Santiago de Surco,1,Departamento · 140m² · 3 Dormitorios · 1 Estacionamiento
147983678,https://urbania.pe/inmueble/clasificado/veclapin-venta-de-departamento-en-santiago-de-surco-lima-3-dormitorios-147983678?n_src=Listado&n_pills=Piscina&n_pg=9&n_pos=10,2026-05-18,santiago-de-surco,urbania,1168000.0,350000.0,550.0,223,3.0,3.0,1.0,Puerto Pizarro 150,Santiago de Surco,Lima,1,Departamento · 223m² · 3 Dormitorios · 1 Estacionamiento
149632292,https://urbania.pe/inmueble/clasificado/veclapin-venta-de-departamento-en-santiago-de-surco-lima-3-dormitorios-149632292?n_src=Listado&n_pg=9&n_pos=11,2026-05-18,santiago-de-surco,urbania,884000.0,260000.0,580.0,220,3.0,3.0,2.0,Jr. Las Gardenias al 300,Santiago de Surco,Lima,1,Departamento · 110m² · 3 Dormitorios · 2 Estacionamientos
147506502,https://urbania.pe/inmueble/clasificado/veclapin-venta-de-departamento-en-santiago-de-surco-lima-3-dormitorios-147506502?n_src=Listado&n_pills=Cuartos+de+servicio&n_pg=9&n_pos=12,2026-05-18,santiago-de-surco,urbania,1207500.0,345000.0,300.0,288,3.0,3.0,2.0,"Jr. Domingo de la Presa Cdra. 1, Valle Hermoso de Monterrico, Surco",Santiago de Surco,Lima,1,Departamento · 185m² · 3 Dormitorios · 2 Estacionamientos
149446202,https://urbania.pe/inmueble/clasificado/veclapin-venta-de-departamento-en-santiago-de-surco-lima-2-dormitorios-149446202?n_src=Listado&n_pills=Seguridad&n_pg=9&n_pos=13,2026-05-18,santiago-de-surco,urbania,918000.0,270000.0,,133,2.0,1.0,1.0,Paramonga,Santiago de Surco,Lima,1,Departamento · 133m² · 2 Dormitorios · 1 Estacionamiento
142759463,https://urbania.pe/inmueble/clasificado/veclapin-venta-de-departamento-en-santiago-de-surco-lima-3-dormitorios-142759463?n_src=Listado&n_pills=%C3%81rea+de+lavander%C3%ADa&n_pg=9&n_pos=14,2026-05-18,santiago-de-surco,urbania,1821000.0,495000.0,,320,3.0,4.0,2.0,Ca. La Emancipacion 200,Santiago de Surco,Lima,1,Departamento · 320m² · 3 Dormitorios · 2 Estacionamientos
149870384,https://urbania.pe/inmueble/clasificado/veclapin-venta-de-departamento-en-santiago-de-surco-lima-4-dormitorios-149870384?n_src=Listado&n_pills=%C3%81rea+de+lavander%C3%ADa&n_pg=9&n_pos=15,2026-05-18,santiago-de-surco,urbania,850000.0,244000.0,300.0,195,4.0,4.0,1.0,Jirón Domingo de la Presa,Santiago de Surco,Lima,1,Departamento · 195m² · 4 Dormitorios · 1 Estacionamiento
59050698,https://urbania.pe/inmueble/clasificado/veclapin-venta-de-departamento-en-golf-los-incas-santiago-de-surco-3-dormitorios-59050698?n_src=Listado&n_pills=Cerca+a+colegios&n_pg=9&n_pos=16,2026-05-18,santiago-de-surco,urbania,1400100.0,359000.0,950.0,178,3.0,3.0,2.0,CALLE LAS AGATAS 175 SURCO,Golf Los Incas,Santiago de Surco,1,Departamento · 178m² · 3 Dormitorios · 2 Estacionamientos
149726937,https://urbania.pe/inmueble/clasificado/veclapin-venta-de-departamento-en-las-gardenias-santiago-de-surco-3-dormitorios-149726937?n_src=Listado&n_pills=Seguridad&n_pg=9&n_pos=17,2026-05-18,santiago-de-surco,urbania,1444200.0,415000.0,650.0,267,3.0,3.0,2.0,Calle La Presa,Las Gardenias,Santiago de Surco,1,Departamento · 267m² · 3 Dormitorios · 2 Estacionamientos
147734584,https://urbania.pe/inmueble/clasificado/veclapin-venta-de-departamento-en-monterrico-santiago-de-surco-3-dormitorios-147734584?n_src=Listado&n_pills=%C3%81rea+de+lavander%C3%ADa&n_pg=9&n_pos=18,2026-05-18,santiago-de-surco,urbania,1796400.0,499000.0,600.0,226,3.0,3.0,2.0,Calle Vía Lactea al 200,Monterrico,Santiago de Surco,1,Departamento · 226m² · 3 Dormitorios · 2 Estacionamientos
146739831,https://urbania.pe/inmueble/clasificado/veclapin-venta-de-departamento-en-santiago-de-surco-lima-3-dormitorios-146739831?n_src=Listado&n_pills=Guardian%C3%ADa%2FSeguridad+privada&n_pg=9&n_pos=19,2026-05-18,santiago-de-surco,urbania,1088000.0,320000.0,900.0,182,3.0,4.0,2.0,Monte Real 141,Santiago de Surco,Lima,1,Departamento · 182m² · 3 Dormitorios · 2 Estacionamientos
148801421,https://urbania.pe/inmueble/clasificado/veclapin-venta-de-departamento-en-los-alamos-de-monterrico-santiago-de-surco-3-dormitorios-148801421?n_src=Listado&n_pills=%C3%81rea+de+lavander%C3%ADa&n_pg=9&n_pos=20,2026-05-18,santiago-de-surco,urbania,845000.0,245000.0,400.0,157,3.0,3.0,3.0,El Herraje,Los Alamos De Monterrico,Santiago de Surco,1,Departamento · 157m² · 3 Dormitorios · 3 Estacionamientos
147989411,https://urbania.pe/inmueble/clasificado/veclapin-venta-de-departamento-en-chacarilla-del-estanque-santiago-de-surco-3-dormitorios-147989411?n_src=Listado&n_pills=Piscina&n_pg=9&n_pos=21,2026-05-18,santiago-de-surco,urbania,1122000.0,330000.0,850.0,202,3.0,4.0,2.0,jr Monte Real,Chacarilla Del Estanque,Santiago de Surco,1,Departamento · 149m² · 3 Dormitorios · 2 Estacionamientos
148261267,https://urbania.pe/inmueble/clasificado/veclapin-venta-de-departamento-en-chacarilla-del-estanque-santiago-de-surco-3-dormitorios-148261267?n_src=Listado&n_pills=Cuartos+de+servicio&n_pg=9&n_pos=22,2026-05-18,santiago-de-surco,urbania,1394400.0,415000.0,800.0,196,3.0,3.0,2.0,a pasos del Parque Doig,Chacarilla Del Estanque,Santiago de Surco,1,Departamento · 196m² · 3 Dormitorios · 2 Estacionamientos
147927504,https://urbania.pe/inmueble/clasificado/veclapin-venta-de-departamento-en-las-casuarinas-santiago-de-surco-3-dormitorios-147927504?n_src=Listado&n_pills=Seguridad&n_pg=9&n_pos=23,2026-05-18,santiago-de-surco,urbania,884000.0,260000.0,550.0,220,3.0,2.0,2.0,CRISANTEMOS,Las Casuarinas,Santiago de Surco,1,Departamento · 220m² · 3 Dormitorios · 2 Estacionamientos
148569624,https://urbania.pe/inmueble/clasificado/veclapin-venta-de-departamento-en-santiago-de-surco-lima-4-dormitorios-148569624?n_src=Listado&n_pills=%C3%81rea+de+lavander%C3%ADa&n_pg=9&n_pos=24,2026-05-18,santiago-de-surco,urbania,1390250.0,415000.0,950.0,283,4.0,3.0,2.0,Pasaje Estepa Rusa 181,Santiago de Surco,Lima,1,Departamento · 283m² · 4 Dormitorios · 2 Estacionamientos
149339867,https://urbania.pe/inmueble/clasificado/veclapin-venta-de-departamento-en-golf-los-incas-santiago-de-surco-3-dormitorios-149339867?n_src=Listado&n_pills=Cerca+a+colegios&n_pg=9&n_pos=25,2026-05-18,santiago-de-surco,urbania,1900600.0,559000.0,,316,3.0,3.0,3.0,Av. Circunvalación del Golf los Incas 595,Golf Los Incas,Santiago de Surco,1,Departamento · 316m² · 3 Dormitorios · 3 Estacionamientos
148949251,https://urbania.pe/inmueble/clasificado/veclapin-venta-de-departamento-en-chacarilla-del-estanque-santiago-de-surco-3-dormitorios-148949251?n_src=Listado&n_pills=Seguridad&n_pg=9&n_pos=26,2026-05-18,santiago-de-surco,urbania,1487500.0,425000.0,1050.0,213,3.0,3.0,2.0,Calle Monte Flor 244,Chacarilla Del Estanque,Santiago de Surco,1,Departamento · 209m² · 3 Dormitorios · 2 Estacionamientos
149585115,https://urbania.pe/inmueble/clasificado/veclapin-venta-de-departamento-en-higuereta-santiago-de-surco-2-dormitorios-149585115?n_src=Listado&n_pills=%C3%81rea+de+lavander%C3%ADa&n_pg=9&n_pos=27,2026-05-18,santiago-de-surco,urbania,599860.0,178000.0,200.0,102,2.0,2.0,1.0,Av VALLES DEL SUR XXX - 1XX,Higuereta,Santiago de Surco,1,Departamento · 102m² · 2 Dormitorios · 1 Estacionamiento
147971310,https://urbania.pe/inmueble/clasificado/veclapin-venta-de-departamento-en-santiago-de-surco-lima-3-dormitorios-147971310?n_src=Listado&n_pills=%C3%81rea+de+lavander%C3%ADa&n_pg=9&n_pos=28,2026-05-18,santiago-de-surco,urbania,772800.0,230000.0,,119,3.0,3.0,1.0,Av. Guillermo More 1XX,Santiago de Surco,Lima,1,Departamento · 119m² · 3 Dormitorios · 1 Estacionamiento
149788864,https://urbania.pe/inmueble/clasificado/veclapin-venta-de-departamento-en-cerros-de-camacho-santiago-de-surco-4-dormitorios-149788864?n_src=Listado&n_pills=Seguridad&n_pg=9&n_pos=29,2026-05-18,santiago-de-surco,urbania,2178050.0,635000.0,,426,4.0,4.0,4.0,Av. Cerros de Camacho al 700,Cerros De Camacho,Santiago de Surco,1,Departamento · 383m² · 4 Dormitorios · 4 Estacionamientos
149368353,https://urbania.pe/inmueble/clasificado/veclapin-venta-de-departamento-en-cerros-de-camacho-santiago-de-surco-3-dormitorios-149368353?n_src=Listado&n_pills=Piscina&n_pg=9&n_pos=30,2026-05-18,santiago-de-surco,urbania,1457250.0,435000.0,1100.0,263,3.0,3.0,2.0,Avenida Cerros de Camacho 1050,Cerros De Camacho,Santiago de Surco,1,Departamento · 263m² · 3 Dormitorios · 2 Estacionamientos
148201563,https://urbania.pe/inmueble/clasificado/veclapin-venta-de-departamento-en-santiago-de-surco-lima-2-dormitorios-148201563?n_src=Listado&n_pills=Piscina&n_pg=10&n_pos=1,2026-05-18,santiago-de-surco,urbania,998000.0,,700.0,121,2.0,3.0,2.0,Av. Pedro Venturo,Santiago de Surco,Lima,10,Departamento · 188m² · 2 Dormitorios · 2 Estacionamientos
149454474,https://urbania.pe/inmueble/clasificado/veclapin-venta-de-departamento-en-higuereta-santiago-de-surco-3-dormitorios-149454474?n_src=Listado&n_pills=Seguridad&n_pg=10&n_pos=2,2026-05-18,santiago-de-surco,urbania,914250.0,265000.0,,121,3.0,2.0,2.0,Santiago,Higuereta,Santiago de Surco,10,Departamento · 121m² · 3 Dormitorios · 2 Estacionamientos
149726791,https://urbania.pe/inmueble/clasificado/veclapin-venta-de-departamento-en-santiago-de-surco-lima-3-dormitorios-149726791?n_src=Listado&n_pills=%C3%81rea+de+lavander%C3%ADa&n_pg=10&n_pos=3,2026-05-18,santiago-de-surco,urbania,845250.0,245000.0,700.0,140,3.0,2.0,2.0,Calle Madreselvas xxx santiago de surco,Santiago de Surco,Lima,10,Departamento · 140m² · 3 Dormitorios · 2 Estacionamientos
149482304,https://urbania.pe/inmueble/clasificado/veclapin-venta-de-departamento-en-santiago-de-surco-lima-2-dormitorios-149482304?n_src=Listado&n_pg=10&n_pos=4,2026-05-18,santiago-de-surco,urbania,399777.0,117999.0,,100,2.0,2.0,,Doña Hortencia 170,Santiago de Surco,Lima,10,Departamento · 100m² · 2 Dormitorios
148379168,https://urbania.pe/inmueble/clasificado/veclapin-venta-de-departamento-en-el-polo-santiago-de-surco-5-a-mas-dormitorios-148379168?n_src=Listado&n_pills=%C3%81rea+de+lavander%C3%ADa&n_pg=10&n_pos=5,2026-05-18,santiago-de-surco,urbania,938000.0,280000.0,,228,5.0,3.0,1.0,AV PRIMAVERA CALLE PUCALA,El Polo,Santiago de Surco,1,Departamento · 228m² · 5 Dormitorios · 1 Estacionamiento
149590491,https://urbania.pe/inmueble/clasificado/veclapin-venta-de-departamento-en-golf-los-incas-santiago-de-surco-4-dormitorios-149590491?n_src=Listado&n_pills=Guardian%C3%ADa%2FSeguridad+privada&n_pg=10&n_pos=6,2026-05-18,santiago-de-surco,urbania,2940000.0,840000.0,1500.0,525,4.0,7.0,4.0,Av. Circunvalación Golf los Incas 1047,Golf Los Incas,Santiago de Surco,1,Departamento · 525m² · 4 Dormitorios · 4 Estacionamientos
148499889,https://urbania.pe/inmueble/clasificado/veclapin-venta-de-departamento-en-santiago-de-surco-lima-3-dormitorios-148499889?n_src=Listado&n_pills=Guardian%C3%ADa%2FSeguridad+privada&n_pg=10&n_pos=8,2026-05-18,santiago-de-surco,urbania,1350000.0,,,255,3.0,2.0,2.0,"Av. El Derby, Surco",Santiago de Surco,Lima,1,Departamento · 257m² · 3 Dormitorios · 2 Estacionamientos
149753690,https://urbania.pe/inmueble/clasificado/veclapin-venta-de-departamento-en-valle-hermoso-santiago-de-surco-3-dormitorios-149753690?n_src=Listado&n_pills=%C3%81rea+de+lavander%C3%ADa&n_pg=10&n_pos=9,2026-05-18,santiago-de-surco,urbania,1216250.0,350000.0,,240,3.0,4.0,2.0,Av de los Ingenieros 234,Valle Hermoso,Santiago de Surco,1,Departamento · 240m² · 3 Dormitorios · 2 Estacionamientos
147353965,https://urbania.pe/inmueble/clasificado/veclapin-venta-de-departamento-en-santiago-de-surco-lima-3-dormitorios-147353965?n_src=Listado&n_pills=%C3%81rea+de+lavander%C3%ADa&n_pg=10&n_pos=10,2026-05-18,santiago-de-surco,urbania,997500.0,285000.0,600.0,145,3.0,2.0,2.0,Dirección no informada,Santiago de Surco,Lima,1,Departamento · 145m² · 3 Dormitorios · 2 Estacionamientos
147661912,https://urbania.pe/inmueble/clasificado/veclapin-venta-de-departamento-en-chacarilla-del-estanque-santiago-de-surco-3-dormitorios-147661912?n_src=Listado&n_pills=%C3%81rea+de+lavander%C3%ADa&n_pg=10&n_pos=12,2026-05-18,santiago-de-surco,urbania,1479000.0,435000.0,750.0,182,3.0,4.0,2.0,JIRON MONTE CARMELO SURCO,Chacarilla Del Estanque,Santiago de Surco,1,Departamento · 242m² · 3 Dormitorios · 2 Estacionamientos
148983570,https://urbania.pe/inmueble/clasificado/veclapin-venta-de-departamento-en-chacarilla-del-estanque-santiago-de-surco-3-dormitorios-148983570?n_src=Listado&n_pills=Cuartos+de+servicio&n_pg=10&n_pos=13,2026-05-18,santiago-de-surco,urbania,1498000.0,428000.0,800.0,326,3.0,4.0,2.0,Avenida de la Floresta,Chacarilla Del Estanque,Santiago de Surco,1,Departamento · 326m² · 3 Dormitorios · 2 Estacionamientos
148013486,https://urbania.pe/inmueble/clasificado/veclappa-venta-de-departamento-en-valle-hermoso-santiago-de-surco-3-dormitorios-148013486?n_src=Listado&n_pills=Frente+a+parque&n_pg=10&n_pos=14,2026-05-18,santiago-de-surco,urbania,991200.0,295000.0,,157,3.0,3.0,2.0,Av. Primavera & Jirón Jerónimo de Aliaga Sur,Valle Hermoso,Santiago de Surco,1,Departamento · 157m² · 3 Dormitorios · 2 Estacionamientos
148995907,https://urbania.pe/inmueble/clasificado/veclapin-venta-de-departamento-en-santiago-de-surco-lima-3-dormitorios-148995907?n_src=Listado&n_pills=%C3%81rea+de+lavander%C3%ADa&n_pg=10&n_pos=16,2026-05-18,santiago-de-surco,urbania,822500.0,235000.0,350.0,189,3.0,2.0,1.0,Castilla la Vieja 7,Santiago de Surco,Lima,1,Departamento · 189m² · 3 Dormitorios · 1 Estacionamiento
149207570,https://urbania.pe/inmueble/clasificado/veclapin-venta-de-departamento-en-chama-santiago-de-surco-3-dormitorios-149207570?n_src=Listado&n_pills=Cerca+a+colegios&n_pg=10&n_pos=17,2026-05-18,santiago-de-surco,urbania,737800.0,217000.0,400.0,117,3.0,3.0,1.0,Avenida Alfredo Franco,Chama,Santiago de Surco,1,Departamento · 117m² · 3 Dormitorios · 1 Estacionamiento
148912675,https://urbania.pe/inmueble/clasificado/veclapin-venta-de-departamento-en-valle-hermoso-oeste-santiago-de-surco-3-dormitorios-148912675?n_src=Listado&n_pills=Cuartos+de+servicio&n_pg=10&n_pos=18,2026-05-18,santiago-de-surco,urbania,943880.0,280000.0,600.0,134,3.0,3.0,2.0,Av. de los Precursores 575,Valle Hermoso Oeste,Santiago de Surco,1,Departamento · 134m² · 3 Dormitorios · 2 Estacionamientos
149366193,https://urbania.pe/inmueble/clasificado/veclapin-venta-de-departamento-en-chacarilla-del-estanque-santiago-de-surco-3-dormitorios-149366193?n_src=Listado&n_pills=Seguridad&n_pg=10&n_pos=20,2026-05-18,santiago-de-surco,urbania,2001000.0,580000.0,994.0,240,3.0,3.0,2.0,Alameda Monte Umbroso 820,Chacarilla Del Estanque,Santiago de Surco,1,Departamento · 230m² · 3 Dormitorios · 2 Estacionamientos
149276199,https://urbania.pe/inmueble/clasificado/veclapin-venta-de-departamento-en-santiago-de-surco-lima-3-dormitorios-149276199?n_src=Listado&n_pills=Guardian%C3%ADa%2FSeguridad+privada&n_pg=10&n_pos=21,2026-05-18,santiago-de-surco,urbania,1292000.0,380000.0,1200.0,204,3.0,2.0,2.0,Jirón Las Laderas 662,Santiago de Surco,Lima,1,Departamento · 204m² · 3 Dormitorios · 2 Estacionamientos
149907734,https://urbania.pe/inmueble/clasificado/veclapin-venta-de-departamento-en-santiago-de-surco-lima-1-dormitorio-149907734?n_src=Listado&n_pills=%C3%81rea+de+lavander%C3%ADa&n_pg=10&n_pos=22,2026-05-18,santiago-de-surco,urbania,574560.0,168000.0,300.0,82,1.0,1.0,1.0,Calle  Los Laureles 314,Santiago de Surco,Lima,1,Departamento · 63m² · 1 Dormitorio · 1 Estacionamiento
147989276,https://urbania.pe/inmueble/clasificado/veclapin-venta-de-departamento-en-chacarilla-del-estanque-santiago-de-surco-4-dormitorios-147989276?n_src=Listado&n_pills=Seguridad&n_pg=10&n_pos=23,2026-05-18,santiago-de-surco,urbania,2105000.0,569000.0,800.0,324,4.0,5.0,2.0,Av. Bielovucic Cavalier 1XX. Chacarilla San Borja,Chacarilla Del Estanque,Santiago de Surco,1,Departamento · 249m² · 4 Dormitorios · 2 Estacionamientos
148224434,https://urbania.pe/inmueble/clasificado/veclapin-venta-de-departamento-en-santiago-de-surco-lima-3-dormitorios-148224434?n_src=Listado&n_pills=Cerca+a+colegios&n_pg=10&n_pos=24,2026-05-18,santiago-de-surco,urbania,1186600.0,349000.0,750.0,226,3.0,2.0,2.0,Batallón Libres De Trujillo 177,Santiago de Surco,Lima,1,Departamento · 181m² · 3 Dormitorios · 2 Estacionamientos
149401413,https://urbania.pe/inmueble/clasificado/veclapin-venta-de-departamento-en-valle-hermoso-santiago-de-surco-3-dormitorios-149401413?n_src=Listado&n_pills=%C3%81rea+de+lavander%C3%ADa&n_pg=10&n_pos=25,2026-05-18,santiago-de-surco,urbania,537584.0,155000.0,,119,3.0,2.0,2.0,Av de los Ingenieros 994,Valle Hermoso,Santiago de Surco,1,Departamento · 85m² · 3 Dormitorios · 2 Estacionamientos
149728312,https://urbania.pe/inmueble/clasificado/veclapin-venta-de-departamento-en-chacarilla-del-estanque-santiago-de-surco-3-dormitorios-149728312?n_src=Listado&n_pills=Cuartos+de+servicio&n_pg=10&n_pos=26,2026-05-18,santiago-de-surco,urbania,927500.0,265000.0,600.0,140,3.0,2.0,2.0,Avenida Alejandro Velasco Astete 1100,Chacarilla Del Estanque,Santiago de Surco,1,Departamento · 140m² · 3 Dormitorios · 2 Estacionamientos
148040301,https://urbania.pe/inmueble/clasificado/veclapin-venta-de-departamento-en-chacarilla-del-estanque-santiago-de-surco-3-dormitorios-148040301?n_src=Listado&n_pills=Guardian%C3%ADa%2FSeguridad+privada&n_pg=10&n_pos=27,2026-05-18,santiago-de-surco,urbania,1150000.0,335000.0,800.0,164,3.0,3.0,2.0,Av La Floresta 4xx,Chacarilla Del Estanque,Santiago de Surco,1,Departamento · 164m² · 3 Dormitorios · 2 Estacionamientos
13509729,https://urbania.pe/inmueble/clasificado/veclapin-venta-de-departamento-en-santa-teresa-de-las-gardenias-santiago-de-surco-3-dormitorios-13509729?n_src=Listado&n_pills=Cerca+a+colegios&n_pg=10&n_pos=28,2026-05-18,santiago-de-surco,urbania,690000.0,204900.0,450.0,131,3.0,2.0,1.0,Nestor Batanero 120,Santa Teresa De Las Gardenias,Santiago de Surco,1,Departamento · 131m² · 3 Dormitorios · 1 Estacionamiento
147375610,https://urbania.pe/inmueble/clasificado/veclapin-venta-de-departamento-en-santiago-de-surco-lima-4-dormitorios-147375610?n_src=Listado&n_pills=Jard%C3%ADn&n_pg=10&n_pos=29,2026-05-18,santiago-de-surco,urbania,946400.0,280000.0,350.0,217,4.0,4.0,1.0,Av Mariscal Ramon Castilla,Santiago de Surco,Lima,1,Departamento · 217m² · 4 Dormitorios · 1 Estacionamiento
149911166,https://urbania.pe/inmueble/clasificado/veclapin-venta-de-departamento-en-huertos-de-san-antonio-santiago-de-surco-3-dormitorios-149911166?n_src=Listado&n_pills=Seguridad&n_pg=10&n_pos=30,2026-05-18,santiago-de-surco,urbania,1023000.0,300000.0,470.0,134,3.0,3.0,2.0,Jirón Tomasal 8XX,Huertos De San Antonio,Santiago de Surco,1,Departamento · 134m² · 3 Dormitorios · 2 Estacionamientos
